index,path,action,state,owner,current_candidate_sha,current_qa_sha,blocker_code
12,textures/load/spr_etc_xst/D6DC1380_256x64.dds,localize_text,READY,A,,,
15,textures/load/spr_font_xst/20389D70_512x256.dds,font_pipeline,HOLD,B,,,BLOCKED_RUNTIME_FONT
16,textures/load/spr_font_xst/23DDB6EC_512x512.dds,font_pipeline,HOLD,A,,,BLOCKED_RUNTIME_FONT
17,textures/load/spr_font_xst/6B8ED9DA_256x128.dds,font_pipeline,HOLD,B,,,BLOCKED_RUNTIME_FONT
18,textures/load/spr_font_xst/7B65A191_256x128.dds,font_pipeline,HOLD,A,,,BLOCKED_RUNTIME_FONT
19,textures/load/spr_font_xst/B3ED3652_512x256.dds,font_pipeline,HOLD,B,,,BLOCKED_RUNTIME_FONT
20,textures/load/spr_font_xst/B7EEB2D9_256x128.dds,font_pipeline,HOLD,A,,,BLOCKED_RUNTIME_FONT
21,textures/load/spr_font_xst/D7CE8BC3_512x256.dds,font_pipeline,HOLD,B,,,BLOCKED_RUNTIME_FONT
22,textures/load/spr_font_xst/E86D77E8_256x128.dds,font_pipeline,HOLD,A,,,BLOCKED_RUNTIME_FONT
23,textures/load/spr_font_xst/FDC6BAD7_512x128.dds,font_pipeline,HOLD,B,,,BLOCKED_RUNTIME_FONT
24,textures/load/spr_name_entry_xst/66743AA8_1024x1024.dds,hangul_name_entry,HOLD,A,,,BLOCKED_RUNTIME_NAME_ENTRY
25,textures/load/spr_sprani_CLAR_RANK_Exst/4AFC1BED_512x512.dds,zoom_review,PRESERVE,B,,,
26,textures/load/spr_sprani_CLAR_RANK_Exst/63C91067_512x512.dds,localize_text,READY,A,,,
27,textures/load/spr_sprani_CLAR_RANK_Exst/8B52FEEC_1024x512.dds,zoom_review,PRESERVE,B,,,
28,textures/load/spr_sprani_CLAR_RANK_Exst/A05BF610_512x512.dds,localize_text,READY,A,,,
29,textures/load/spr_sprani_CLAR_RANK_Exst/F043316B_1024x512.dds,zoom_review,PRESERVE,B,,,
30,textures/load/spr_sprani_FLAG_RANK_Exst/8215FD25_1024x512.dds,localize_text,READY,A,,,
31,textures/load/spr_sprani_FLAG_RANK_Exst/A82266FC_1024x512.dds,zoom_review,PRESERVE,B,,,
32,textures/load/spr_sprani_FLAG_RANK_Exst/DCC7B488_512x256.dds,localize_text,READY,A,,,
33,textures/load/spr_sprani_FLAG_RANK_Exst/FBCAB18D_1024x512.dds,zoom_review,PRESERVE,B,,,
34,textures/load/spr_sprani_HOLL_RANK_Exst/B7E25BAD_1024x512.dds,localize_text,HOLD,A,,,LEGACY_HOLD_STRICT_RECHECK
35,textures/load/spr_sprani_HOLL_RANK_Exst/E989E3B7_1024x1024.dds,localize_text,READY,B,,,
36,textures/load/spr_sprani_JENN_RANK_Exst/06AB5CEE_1024x1024.dds,localize_text,READY,A,,,
37,textures/load/spr_sprani_JENN_RANK_Exst/515DCBB2_1024x1024.dds,zoom_review,PRESERVE,B,,,
38,textures/load/spr_sprani_JENN_RANK_Exst/6AB5CEE_1024x1024.dds,localize_text,READY,A,,,
43,textures/load/spr_sprani_congrats_cvt_Exst/455717B2_512x512.dds,localize_text,HOLD,B,,,LEGACY_HOLD_STRICT_RECHECK
44,textures/load/spr_sprani_etc_cvt_Exst/19CEDB9_512x512.dds,localize_text,HOLD,A,,,LEGACY_HOLD_STRICT_RECHECK
45,textures/load/spr_sprani_etc_cvt_Exst/1F77CB88_128x128.dds,zoom_review,PRESERVE,B,,,
46,textures/load/spr_sprani_etc_cvt_Exst/AA04D779_512x512.dds,localize_text,HOLD,A,,,LEGACY_HOLD_STRICT_RECHECK
47,textures/load/spr_sprani_etc_cvt_Exst/AD720950_1024x256.dds,localize_text,READY,B,,,
48,textures/load/spr_sprani_etc_cvt_Exst/B1696633_512x512.dds,localize_text,HOLD,A,,,LEGACY_HOLD_STRICT_RECHECK
49,textures/load/spr_sprani_etc_cvt_Exst/BF3EE5C6_512x512.dds,localize_text,HOLD,B,,,LEGACY_HOLD_STRICT_RECHECK
50,textures/load/spr_sprani_etc_cvt_Exst/CBF8ECBF_1024x512.dds,localize_text,HOLD,A,,,LEGACY_HOLD_STRICT_RECHECK
51,textures/load/spr_sprani_etc_cvt_Exst/FF2462BB_1024x512.dds,localize_text,READY,B,,,
52,textures/load/spr_sprani_fight_Exst/A8CE339F_512x256.dds,localize_text,HOLD,A,,,LEGACY_HOLD_STRICT_RECHECK
53,textures/load/spr_sprani_fruity_cvt_Exst/568D3696_1024x1024.dds,localize_text,REWORK_REQUIRED,B,,,LEGACY_REWORK
54,textures/load/spr_sprani_fruity_cvt_Exst/FA7BBB13_1024x512.dds,localize_text,READY,A,,,
55,textures/load/spr_sprani_game_cvt_Exst/2EA557B4_512x64.dds,localize_text,HOLD,B,,,LEGACY_HOLD_STRICT_RECHECK
57,textures/load/spr_sprani_game_cvt_Exst/39229D64_1024x1024.dds,localize_text,READY,B,,,
59,textures/load/spr_sprani_game_cvt_Exst/7CE1CFC5_512x128.dds,localize_text,HOLD,B,,,LEGACY_HOLD_STRICT_RECHECK
60,textures/load/spr_sprani_game_cvt_Exst/A064FDFC_1024x512.dds,localize_text,READY,A,,,
61,textures/load/spr_sprani_game_cvt_Exst/C4A2937B_1024x1024.dds,localize_text,REWORK_REQUIRED,B,,,LEGACY_REWORK
62,textures/load/spr_sprani_loading_cvt_Exst/33491F83_512x256.dds,localize_text,HOLD,A,,,LEGACY_HOLD_STRICT_RECHECK
63,textures/load/spr_sprani_loading_cvt_Exst/48DEBE77_512x512.dds,localize_text,READY,B,,,
65,textures/load/spr_sprani_loading_cvt_Exst/EBEF6D20_512x512.dds,localize_text,HOLD,B,,,LEGACY_HOLD_STRICT_RECHECK
86,textures/load/spr_sprani_ranking_cvt_Exst/C598919A_1024x1024.dds,localize_text,HOLD,A,,,LEGACY_HOLD_STRICT_RECHECK
89,textures/load/spr_sprani_route_cvt_Exst/43B07A77_512x64.dds,localize_text,HOLD,B,,,LEGACY_HOLD_STRICT_RECHECK
92,textures/load/spr_sprani_selector_cvt_Exst/1A43E9D9_512x64.dds,localize_text,HOLD,A,,,LEGACY_HOLD_STRICT_RECHECK
94,textures/load/spr_sprani_selector_cvt_Exst/2DA43E41_1024x1024.dds,localize_text,REWORK_REQUIRED,A,,,LEGACY_REWORK
95,textures/load/spr_sprani_selector_cvt_Exst/37759842_1024x1024.dds,localize_text,HOLD,B,,,LEGACY_HOLD_STRICT_RECHECK
97,textures/load/spr_sprani_selector_cvt_Exst/411827E_512x512.dds,localize_text,READY,B,,,
98,textures/load/spr_sprani_selector_cvt_Exst/42E618FD_512x32.dds,localize_text,HOLD,A,,,LEGACY_HOLD_STRICT_RECHECK
99,textures/load/spr_sprani_selector_cvt_Exst/4F68708E_512x64.dds,localize_text,READY,B,,,
100,textures/load/spr_sprani_selector_cvt_Exst/53CE39D5_512x512.dds,localize_text,HOLD,A,,,LEGACY_HOLD_STRICT_RECHECK
101,textures/load/spr_sprani_selector_cvt_Exst/560FA536_1024x1024.dds,localize_text,HOLD,B,,,LEGACY_HOLD_STRICT_RECHECK
102,textures/load/spr_sprani_selector_cvt_Exst/571E78F3_512x64.dds,localize_text,READY,A,,,
103,textures/load/spr_sprani_selector_cvt_Exst/590A4724_512x512.dds,localize_text,READY,B,,,
104,textures/load/spr_sprani_selector_cvt_Exst/62BEBF33_512x64.dds,localize_text,READY,A,,,
106,textures/load/spr_sprani_selector_cvt_Exst/788CE557_512x256.dds,localize_text,HOLD,A,,,LEGACY_HOLD_STRICT_RECHECK
107,textures/load/spr_sprani_selector_cvt_Exst/841E796B_512x128.dds,localize_text,HOLD,B,,,LEGACY_HOLD_STRICT_RECHECK
111,textures/load/spr_sprani_selector_cvt_Exst/C075FB49_512x512.dds,localize_text,READY,B,,,
112,textures/load/spr_sprani_selector_cvt_Exst/D41D0B1_512x64.dds,localize_text,HOLD,A,,,LEGACY_HOLD_STRICT_RECHECK
116,textures/load/spr_sprani_selector_cvt_Exst/E3FD08BE_512x64.dds,localize_text,READY,A,,,
119,textures/load/spr_sprani_selector_cvt_Exst/F6811E94_512x64.dds,localize_text,HOLD,B,,,LEGACY_HOLD_STRICT_RECHECK
121,textures/load/spr_sprani_selector_cvt_Exst/FD90AA9_1024x1024.dds,localize_text,READY,B,,,
122,textures/load/spr_sprani_splash_cvt_xst/549D375_512x256.dds,preserve_brand_song_credit,PRESERVE,A,,,
128,textures/load/spr_sprani_sumo_fe_cvt_Exst/12519155_256x256.dds,localize_text,HOLD,A,,,LEGACY_HOLD_STRICT_RECHECK
130,textures/load/spr_sprani_sumo_fe_cvt_Exst/1762489B_512x128.dds,localize_text,HOLD,A,,,LEGACY_HOLD_STRICT_RECHECK
132,textures/load/spr_sprani_sumo_fe_cvt_Exst/1F5FE6E9_1024x512.dds,localize_text,HOLD,A,,,LEGACY_HOLD_STRICT_RECHECK
133,textures/load/spr_sprani_sumo_fe_cvt_Exst/25F697C6_512x512.dds,localize_text,READY,B,,,
135,textures/load/spr_sprani_sumo_fe_cvt_Exst/2B0863D6_512x64.dds,localize_text,READY,B,,,
136,textures/load/spr_sprani_sumo_fe_cvt_Exst/2B785F6A_512x512.dds,zoom_review,PRESERVE,A,,,
137,textures/load/spr_sprani_sumo_fe_cvt_Exst/30CF0D_512x256.dds,localize_text,HOLD,B,,,LEGACY_HOLD_STRICT_RECHECK
139,textures/load/spr_sprani_sumo_fe_cvt_Exst/313DB8CB_512x256.dds,localize_text,READY,B,,,
140,textures/load/spr_sprani_sumo_fe_cvt_Exst/31C58963_512x256.dds,localize_text,READY,A,,,
143,textures/load/spr_sprani_sumo_fe_cvt_Exst/34923C8A_512x128.dds,localize_text,READY,B,,,
144,textures/load/spr_sprani_sumo_fe_cvt_Exst/35361191_512x512.dds,zoom_review,PRESERVE,A,,,
146,textures/load/spr_sprani_sumo_fe_cvt_Exst/39018963_512x256.dds,zoom_review,PRESERVE,A,,,
147,textures/load/spr_sprani_sumo_fe_cvt_Exst/39BCA907_512x256.dds,localize_text,HOLD,B,,,LEGACY_HOLD_STRICT_RECHECK
148,textures/load/spr_sprani_sumo_fe_cvt_Exst/3AE1BB60_256x256.dds,zoom_review,PRESERVE,A,,,
150,textures/load/spr_sprani_sumo_fe_cvt_Exst/40A4D914_256x128.dds,zoom_review,PRESERVE,A,,,
151,textures/load/spr_sprani_sumo_fe_cvt_Exst/4668C688_512x512.dds,zoom_review,PRESERVE,B,,,
152,textures/load/spr_sprani_sumo_fe_cvt_Exst/49BB5FE5_128x32.dds,localize_text,HOLD,A,,,LEGACY_HOLD_STRICT_RECHECK
153,textures/load/spr_sprani_sumo_fe_cvt_Exst/4C972A19_512x512.dds,zoom_review,PRESERVE,B,,,
154,textures/load/spr_sprani_sumo_fe_cvt_Exst/4D38BBB0_1024x256.dds,localize_text,HOLD,A,,,LEGACY_HOLD_STRICT_RECHECK
155,textures/load/spr_sprani_sumo_fe_cvt_Exst/4D49CA85_512x256.dds,zoom_review,PRESERVE,B,,,
157,textures/load/spr_sprani_sumo_fe_cvt_Exst/4DF4D7CD_512x512.dds,zoom_review,PRESERVE,B,,,
159,textures/load/spr_sprani_sumo_fe_cvt_Exst/4EDA9DE3_512x256.dds,localize_text,HOLD,B,,,LEGACY_HOLD_STRICT_RECHECK
161,textures/load/spr_sprani_sumo_fe_cvt_Exst/55B57CDE_512x512.dds,localize_text,HOLD,B,,,LEGACY_HOLD_STRICT_RECHECK
163,textures/load/spr_sprani_sumo_fe_cvt_Exst/59A79158_256x512.dds,localize_text,REWORK_REQUIRED,B,,,LEGACY_REWORK
164,textures/load/spr_sprani_sumo_fe_cvt_Exst/5B65E08C_512x256.dds,localize_text,HOLD,A,,,LEGACY_HOLD_STRICT_RECHECK
165,textures/load/spr_sprani_sumo_fe_cvt_Exst/5C98F2_512x512.dds,zoom_review,PRESERVE,B,,,
166,textures/load/spr_sprani_sumo_fe_cvt_Exst/5EBD7FE8_1024x1024.dds,zoom_review,PRESERVE,A,,,
169,textures/load/spr_sprani_sumo_fe_cvt_Exst/638F38C0_512x256.dds,zoom_review,PRESERVE,B,,,
171,textures/load/spr_sprani_sumo_fe_cvt_Exst/67CE2848_512x256.dds,zoom_review,PRESERVE,B,,,
172,textures/load/spr_sprani_sumo_fe_cvt_Exst/6C9B3611_256x256.dds,localize_text,HOLD,A,,,LEGACY_HOLD_STRICT_RECHECK
173,textures/load/spr_sprani_sumo_fe_cvt_Exst/6DC89C6E_512x512.dds,localize_text,HOLD,B,,,LEGACY_HOLD_STRICT_RECHECK
174,textures/load/spr_sprani_sumo_fe_cvt_Exst/73F852A4_512x512.dds,zoom_review,PRESERVE,A,,,
175,textures/load/spr_sprani_sumo_fe_cvt_Exst/754F0599_512x256.dds,localize_text,HOLD,B,,,LEGACY_HOLD_STRICT_RECHECK
176,textures/load/spr_sprani_sumo_fe_cvt_Exst/75C3586A_512x512.dds,localize_text,HOLD,A,,,LEGACY_HOLD_STRICT_RECHECK
177,textures/load/spr_sprani_sumo_fe_cvt_Exst/7978907D_512x128.dds,zoom_review,PRESERVE,B,,,
178,textures/load/spr_sprani_sumo_fe_cvt_Exst/798A1E_1024x256.dds,zoom_review,PRESERVE,A,,,
180,textures/load/spr_sprani_sumo_fe_cvt_Exst/7ABD5110_1024x256.dds,zoom_review,PRESERVE,A,,,
182,textures/load/spr_sprani_sumo_fe_cvt_Exst/7D747BED_512x128.dds,preserve_brand_song_credit,PRESERVE,A,,,
188,textures/load/spr_sprani_sumo_fe_cvt_Exst/8C259C68_512x512.dds,localize_text,READY,A,,,
189,textures/load/spr_sprani_sumo_fe_cvt_Exst/8C9E91F8_512x512.dds,zoom_review,PRESERVE,B,,,
191,textures/load/spr_sprani_sumo_fe_cvt_Exst/94BB6271_512x256.dds,zoom_review,PRESERVE,B,,,
193,textures/load/spr_sprani_sumo_fe_cvt_Exst/97E863AD_512x256.dds,localize_text,HOLD,B,,,LEGACY_HOLD_STRICT_RECHECK
194,textures/load/spr_sprani_sumo_fe_cvt_Exst/9AC75730_512x512.dds,zoom_review,PRESERVE,A,,,
195,textures/load/spr_sprani_sumo_fe_cvt_Exst/9CE4E175_256x32.dds,localize_text,READY,B,,,
196,textures/load/spr_sprani_sumo_fe_cvt_Exst/9EF903AF_512x512.dds,zoom_review,PRESERVE,A,,,
197,textures/load/spr_sprani_sumo_fe_cvt_Exst/9F060EC1_512x512.dds,localize_text,READY,B,,,
198,textures/load/spr_sprani_sumo_fe_cvt_Exst/9FC88069_1024x512.dds,localize_text,READY,A,,,
201,textures/load/spr_sprani_sumo_fe_cvt_Exst/A9ABD877_512x512.dds,localize_text,HOLD,B,,,LEGACY_HOLD_STRICT_RECHECK
202,textures/load/spr_sprani_sumo_fe_cvt_Exst/AB56F682_512x512.dds,zoom_review,PRESERVE,A,,,
205,textures/load/spr_sprani_sumo_fe_cvt_Exst/ACF61D7C_1024x512.dds,localize_text,READY,B,,,
206,textures/load/spr_sprani_sumo_fe_cvt_Exst/AEA507A4_512x256.dds,localize_text,READY,A,,,
209,textures/load/spr_sprani_sumo_fe_cvt_Exst/B3D9B074_256x512.dds,preserve_brand_song_credit,PRESERVE,B,,,
210,textures/load/spr_sprani_sumo_fe_cvt_Exst/B5BB7AB0_512x512.dds,zoom_review,PRESERVE,A,,,
212,textures/load/spr_sprani_sumo_fe_cvt_Exst/BA0147DA_512x512.dds,localize_text,READY,A,,,
214,textures/load/spr_sprani_sumo_fe_cvt_Exst/BF229CF4_512x512.dds,localize_text,HOLD,A,,,LEGACY_HOLD_STRICT_RECHECK
215,textures/load/spr_sprani_sumo_fe_cvt_Exst/C05E67EF_128x64.dds,localize_text,READY,B,,,
217,textures/load/spr_sprani_sumo_fe_cvt_Exst/D1039D6F_512x512.dds,localize_text,HOLD,B,,,LEGACY_HOLD_STRICT_RECHECK
219,textures/load/spr_sprani_sumo_fe_cvt_Exst/D263B3F1_512x512.dds,localize_text,HOLD,B,,,LEGACY_HOLD_STRICT_RECHECK
220,textures/load/spr_sprani_sumo_fe_cvt_Exst/D657C2EB_512x128.dds,localize_text,HOLD,A,,,LEGACY_HOLD_STRICT_RECHECK
222,textures/load/spr_sprani_sumo_fe_cvt_Exst/DDF0392A_256x512.dds,localize_text,REWORK_REQUIRED,A,,,LEGACY_REWORK
225,textures/load/spr_sprani_sumo_fe_cvt_Exst/E3C455FA_512x256.dds,localize_text,HOLD,B,,,LEGACY_HOLD_STRICT_RECHECK
226,textures/load/spr_sprani_sumo_fe_cvt_Exst/E3F4BA07_512x128.dds,localize_text,READY,A,,,
227,textures/load/spr_sprani_sumo_fe_cvt_Exst/E596B7AC_512x512.dds,localize_text,READY,B,,,
228,textures/load/spr_sprani_sumo_fe_cvt_Exst/E7F6E9B7_512x512.dds,localize_text,READY,A,,,
230,textures/load/spr_sprani_sumo_fe_cvt_Exst/E95DA5_512x256.dds,localize_text,HOLD,A,,,LEGACY_HOLD_STRICT_RECHECK
231,textures/load/spr_sprani_sumo_fe_cvt_Exst/EBE401C8_512x256.dds,localize_text,READY,B,,,
232,textures/load/spr_sprani_sumo_fe_cvt_Exst/EBFC709F_512x256.dds,localize_text,READY,A,,,
236,textures/load/spr_sprani_sumo_fe_cvt_Exst/FEF70E85_512x512.dds,localize_text,HOLD,A,,,LEGACY_HOLD_STRICT_RECHECK
237,textures/load/spr_sprani_sumo_fe_cvt_Exst/FF514CEB_512x512.dds,localize_text,READY,B,,,
238,textures/load/spr_sprani_sumo_loading_Exst/132A1B1F_512x512.dds,zoom_review,PRESERVE,A,,,
241,textures/load/spr_sprani_sumo_loading_Exst/E1639D2E_256x64.dds,localize_text,HOLD,B,,,LEGACY_HOLD_STRICT_RECHECK
