index,path,action,artwork_status,transcription_status,notes
12,textures/load/spr_etc_xst/D6DC1380_256x64.dds,localize_text,c90_single_dds_isolation_ready_pending_ingame,transcribed_reviewed,A89/B90 CREATE_NEW_HD 1024x256 candidate C83 strict QA PASS unchanged; raw normal; header except H/W/pitch preserved; 1px vertical bbox margin zoom-checked; D + in-game pending; C90 W00005 material fallback: deterministic DDS_ONLY isolation input ready at localization/validation/single_dds/W00005_C00019_D6DC1380.json; candidate SHA256 53eba1bbc976d7f746b5af24bb5e5fa0dcd2e4a6618ca35d56ae496d82db0e00; source SHA256 42aa10e021f9170247612b2e8231be43458abc3cda1011595db2fe2902df4352; runtime UNTESTED
15,textures/load/spr_font_xst/20389D70_512x256.dds,font_pipeline,blocked_runtime_font,glyph_atlas,
16,textures/load/spr_font_xst/23DDB6EC_512x512.dds,font_pipeline,blocked_runtime_font,glyph_atlas,
17,textures/load/spr_font_xst/6B8ED9DA_256x128.dds,font_pipeline,blocked_runtime_font,glyph_atlas,
18,textures/load/spr_font_xst/7B65A191_256x128.dds,font_pipeline,blocked_runtime_font,glyph_atlas,
19,textures/load/spr_font_xst/B3ED3652_512x256.dds,font_pipeline,blocked_runtime_font,glyph_atlas,
20,textures/load/spr_font_xst/B7EEB2D9_256x128.dds,font_pipeline,blocked_runtime_font,glyph_atlas,
21,textures/load/spr_font_xst/D7CE8BC3_512x256.dds,font_pipeline,blocked_runtime_font,glyph_atlas,
22,textures/load/spr_font_xst/E86D77E8_256x128.dds,font_pipeline,blocked_runtime_font,glyph_atlas,
23,textures/load/spr_font_xst/FDC6BAD7_512x128.dds,font_pipeline,blocked_runtime_font,glyph_atlas,
24,textures/load/spr_name_entry_xst/66743AA8_1024x1024.dds,hangul_name_entry,blocked_runtime_name_entry,glyph_atlas,
25,textures/load/spr_sprani_CLAR_RANK_Exst/4AFC1BED_512x512.dds,zoom_review,preserve_original,not_required,W00007 A00023+C92 zoom review resolved: girlfriend portrait/icons + symbolic rank A/B/C/D/E only; no localizable UI word text; preserve original
26,textures/load/spr_sprani_CLAR_RANK_Exst/63C91067_512x512.dds,localize_text,pending_artwork,transcribed_reviewed,W00008 B00027+C93: Total Rank x2 confirmed -> 종합 랭크; promoted from zoom_review to localize_text; exact HD source-faithful rebuild required; HOLD exact HD decoded-pixel bbox/zero-pixel + ENGLISH SOURCE side-by-side before candidate; no DDS bytes yet; runtime UNTESTED; W00009 B00030+C94: exact HD decoded-pixel/core-alpha preflight recorded; raw mirror-Y confirmed; rejected draft artifacts were not persisted; full-effect bbox/candidate remains HOLD; runtime UNTESTED
27,textures/load/spr_sprani_CLAR_RANK_Exst/8B52FEEC_1024x512.dds,zoom_review,preserve_original,not_required,W00007 A00023+C92 zoom review resolved: girlfriend character poses only; no localizable UI word text; preserve original
28,textures/load/spr_sprani_CLAR_RANK_Exst/A05BF610_512x512.dds,localize_text,pending_artwork,transcribed_reviewed,W00008 B00027+C93: Total Rank x1 confirmed -> 종합 랭크; promoted from zoom_review to localize_text; exact HD source-faithful rebuild required; HOLD exact HD decoded-pixel bbox/zero-pixel + ENGLISH SOURCE side-by-side before candidate; no DDS bytes yet; runtime UNTESTED; W00009 B00030+C94: exact HD decoded-pixel/core-alpha preflight recorded; raw mirror-Y confirmed; rejected draft artifacts were not persisted; full-effect bbox/candidate remains HOLD; runtime UNTESTED
29,textures/load/spr_sprani_CLAR_RANK_Exst/F043316B_1024x512.dds,zoom_review,preserve_original,not_required,W00007 A00023+C92 zoom review resolved: girlfriend character poses only; no localizable UI word text; preserve original
30,textures/load/spr_sprani_FLAG_RANK_Exst/8215FD25_1024x512.dds,localize_text,pending_artwork,transcribed_reviewed,W00008 B00027+C93: Total Rank x2 confirmed -> 종합 랭크; promoted from zoom_review to localize_text; exact HD source-faithful rebuild required; HOLD exact HD decoded-pixel bbox/zero-pixel + ENGLISH SOURCE side-by-side before candidate; no DDS bytes yet; runtime UNTESTED; W00009 B00030+C94: exact HD decoded-pixel/core-alpha preflight recorded; raw mirror-Y confirmed; rejected draft artifacts were not persisted; full-effect bbox/candidate remains HOLD; runtime UNTESTED
31,textures/load/spr_sprani_FLAG_RANK_Exst/A82266FC_1024x512.dds,zoom_review,preserve_original,not_required,W00007 A00023+C92 zoom review resolved: mechanic poses + symbolic rank A + embedded logo artwork only; no localizable UI word text; preserve original
32,textures/load/spr_sprani_FLAG_RANK_Exst/DCC7B488_512x256.dds,localize_text,pending_artwork,transcribed_reviewed,W00008 B00027+C93: Total Rank x1 confirmed -> 종합 랭크; promoted from zoom_review to localize_text; exact HD source-faithful rebuild required; HOLD exact HD decoded-pixel bbox/zero-pixel + ENGLISH SOURCE side-by-side before candidate; no DDS bytes yet; runtime UNTESTED; W00009 B00030+C94: exact HD decoded-pixel/core-alpha preflight recorded; raw mirror-Y confirmed; rejected draft artifacts were not persisted; full-effect bbox/candidate remains HOLD; runtime UNTESTED
33,textures/load/spr_sprani_FLAG_RANK_Exst/FBCAB18D_1024x512.dds,zoom_review,preserve_original,not_required,W00008 A00026+C93 zoom review resolved: mechanic character poses + embedded cap/shirt logo artwork only; no localizable UI prose; preserve original
34,textures/load/spr_sprani_HOLL_RANK_Exst/B7E25BAD_1024x512.dds,localize_text,pending_artwork,transcribed_reviewed,Q00007 C109 consumed B00080@64001b4: exact Release RGBA32 payload extraction formula/bounds PASS for Total Rank region; source/glyph mask and candidate gates remain HOLD_STRICT_RECHECK; no DDS bytes; runtime UNTESTED; Q00010 C112 consumed B00095@718c1ab: v2 source-mask/CLEAN_PLATE work order PASS; payload formulas + exact 2px cell guards verified; no source-effect mask/CLEAN_PLATE/candidate DDS; downstream gates HOLD_STRICT_RECHECK; runtime UNTESTED
35,textures/load/spr_sprani_HOLL_RANK_Exst/E989E3B7_1024x1024.dds,localize_text,pending_artwork,transcribed_reviewed,Q00002 C104 accepted A00058 exact source identity and 2/2 Total Rank physical occurrences (sprite_6/sprite_7); pending exact HD full-effect bbox/raw orientation/slant/clean-plate/zero-pixel ENGLISH SOURCE vs KOREAN CANDIDATE proof; no Korean DDS bytes; runtime UNTESTED; Q00009 C111 consumed A00088@bff919c: 2/2 v2 source-mask/CLEAN_PLATE work units, payload geometry and exact 2px cell guards PASS; source-effect masks/validated CLEAN_PLATE/final safe bbox still required; no DDS bytes; runtime UNTESTED
36,textures/load/spr_sprani_JENN_RANK_Exst/06AB5CEE_1024x1024.dds,localize_text,pending_artwork,transcribed_reviewed,W00011 B00036+C96: Total Rank x3 confirmed -> 종합 랭크; promoted from zoom_review to localize_text; exact HD atlas/source identity verified; exact decoded full-effect bbox/raw orientation + zero-pixel ENGLISH SOURCE comparison required before candidate; no DDS bytes; runtime UNTESTED
37,textures/load/spr_sprani_JENN_RANK_Exst/515DCBB2_1024x1024.dds,zoom_review,preserve_original,not_required,W00008 A00026+C93 zoom review resolved: girlfriend character poses only; no localizable UI prose; preserve original
38,textures/load/spr_sprani_JENN_RANK_Exst/6AB5CEE_1024x1024.dds,localize_text,pending_artwork,transcribed_reviewed,W00013 B00042+C98: Total Rank x3 confirmed -> 종합 랭크; alias maps to canonical stock 06AB5CEE source/atlas; exact HD 4096x4096 RGBA32 source identity verified; exact decoded full-effect bbox/raw orientation + zero-pixel ENGLISH SOURCE comparison required before candidate; no DDS bytes; runtime UNTESTED
43,textures/load/spr_sprani_congrats_cvt_Exst/455717B2_512x512.dds,localize_text,pending_artwork,transcribed_reviewed,Q00002 C104 accepted A00058 exact source identity and 4/4 semantic-to-cell mappings; pending exact HD full-effect bbox/raw orientation/slant and text-mask-only reconstruction preserving icons/effects; no Korean DDS bytes; runtime UNTESTED; Q00009 C111 consumed A00088@bff919c: 4/4 v2 source-mask/CLEAN_PLATE work units and exact 2px cell guards PASS with 4/4 current canonical pairs; no candidate DDS/CLEAN_PLATE yet; downstream gates HOLD_STRICT_RECHECK; runtime UNTESTED
44,textures/load/spr_sprani_etc_cvt_Exst/19CEDB9_512x512.dds,localize_text,pending_artwork,transcribed_reviewed,Q00007 C109 consumed B00080@64001b4: exact Release RGBA32 payload extraction PASS for mapped ranking/result regions; TOP remains preserve-original; source glyph masks/clean plate/candidate gates HOLD_STRICT_RECHECK; no DDS bytes; runtime UNTESTED; Q00010 C112 consumed B00095@718c1ab: v2 work orders PASS for localizable cells; payload formulas + exact 2px guards verified; TOP remains preserve-original; no CLEAN_PLATE/candidate DDS; runtime UNTESTED
45,textures/load/spr_sprani_etc_cvt_Exst/1F77CB88_128x128.dds,zoom_review,preserve_original,not_required,W00008 A00026+C93 zoom review resolved: keyboard key legends F1/F2/Esc/Tab/Enter/arrows; physical input labels; no localizable UI prose; preserve original
46,textures/load/spr_sprani_etc_cvt_Exst/AA04D779_512x512.dds,localize_text,pending_artwork,transcribed_reviewed,pass2 transcription saved; W00014 B00045+C99: 21/21 canonical semantic segments mapped to exact upstream atlas cells; pinned source/atlas/HD blobs 3/3; text-only effect bbox/render remains HOLD; runtime UNTESTED; Q00008 C110 consumed B00085@7dca0c9: exact Release RGBA32 payload scope PASS; 21/21 regions/formulas/bounds; source effect mask/CLEAN_PLATE/candidate gates HOLD_STRICT_RECHECK; no DDS bytes; runtime UNTESTED; Q00011 C113 consumed B00100@efe9956: v2 work-order QA PASS; 37/37 batch scopes and 40 mapped physical semantics accepted; index50 4 unresolved bindings retained; source masks/CLEAN_PLATE/candidate gates HOLD_STRICT_RECHECK; no DDS bytes; runtime UNTESTED
47,textures/load/spr_sprani_etc_cvt_Exst/AD720950_1024x256.dds,localize_text,pending_artwork,transcribed_reviewed,W00012 A00038+C97 reconstruction input ready: exact pinned HD/source/atlas Git blobs and canonical keyboard-label translations retained; pending exact decoded mapping/raw orientation/zero-pixel ENGLISH SOURCE proof; no DDS bytes; runtime UNTESTED
48,textures/load/spr_sprani_etc_cvt_Exst/B1696633_512x512.dds,localize_text,pending_artwork,transcribed_reviewed,pass2 transcription saved; W00014 B00045+C99: 9/9 canonical semantic segments mapped; NAME/STATUS shared-cell split requires independent exact text bboxes; pinned source/atlas/HD blobs 3/3; render remains HOLD; runtime UNTESTED; Q00008 C110 consumed B00085@7dca0c9: exact Release RGBA32 payload scope PASS; 8 regions / 9 semantics including shared NAME/STATUS cell; source effect masks/CLEAN_PLATE/candidate gates HOLD_STRICT_RECHECK; no DDS bytes; runtime UNTESTED; Q00011 C113 consumed B00100@efe9956: v2 work-order QA PASS; 37/37 batch scopes and 40 mapped physical semantics accepted; index50 4 unresolved bindings retained; source masks/CLEAN_PLATE/candidate gates HOLD_STRICT_RECHECK; no DDS bytes; runtime UNTESTED
49,textures/load/spr_sprani_etc_cvt_Exst/BF3EE5C6_512x512.dds,localize_text,pending_artwork,transcribed_reviewed,Q00002 C104 accepted A00058 exact source identity and 12/12 semantic-to-cell mappings; pending exact HD full-effect bbox/raw orientation/slant and protected non-text masks; no Korean DDS bytes; runtime UNTESTED; Q00009 C111 consumed A00088@bff919c: 12/12 v2 source-mask/CLEAN_PLATE work units and exact 2px cell guards PASS with 12/12 current canonical pairs; no candidate DDS/CLEAN_PLATE yet; downstream gates HOLD_STRICT_RECHECK; runtime UNTESTED
50,textures/load/spr_sprani_etc_cvt_Exst/CBF8ECBF_1024x512.dds,localize_text,pending_artwork,transcribed_reviewed,pass1 transcription saved; W00014 B00045+C99: 3/7 semantic text sprites mapped; PLEASE WAIT/PLAYERS/YOUR FRIENDS/FRIEND REQUEST remain explicit HOLD pending deterministic pixel detection; pinned source/atlas/HD blobs 3/3; no DDS bytes; runtime UNTESTED; Q00008 C110 consumed B00085@7dca0c9: exact Release RGBA32 payload scope PASS for 3 mapped regions; PLEASE WAIT/PLAYERS/YOUR FRIENDS/FRIEND REQUEST remain explicit unmapped HOLD; no candidate DDS; runtime UNTESTED; Q00011 C113 consumed B00100@efe9956: v2 work-order QA PASS; 37/37 batch scopes and 40 mapped physical semantics accepted; index50 4 unresolved bindings retained; source masks/CLEAN_PLATE/candidate gates HOLD_STRICT_RECHECK; no DDS bytes; runtime UNTESTED
51,textures/load/spr_sprani_etc_cvt_Exst/FF2462BB_1024x512.dds,localize_text,rework_required_zero_pixel_or_artifact,transcribed_reviewed,A78 59 semantic / 68 regions; B79+C75+D74 static gates pass; in-game approval pending; W00004 C89: A00014 reconfirmed source-faithful rerender/artifact blocker; no new DDS bytes; per-DDS runtime isolation still required; W00005 C90: A00017 durable terminal/remote CI PASS; source-faithful artifact blocker unchanged; no new DDS bytes
52,textures/load/spr_sprani_fight_Exst/A8CE339F_512x256.dds,localize_text,pending_artwork,transcribed_reviewed,"Q00007 C109 consumed B00080@64001b4: exact Release BC3 payload extraction PASS for 3 mapped regions, all 4x4-block aligned; exact source glyph/effect masks and candidate gates HOLD_STRICT_RECHECK; no DDS bytes; runtime UNTESTED; Q00010 C112 consumed B00095@718c1ab: v2 source-mask/CLEAN_PLATE work order PASS; payload formulas + exact 2px cell guards verified; no source-effect mask/CLEAN_PLATE/candidate DDS; downstream gates HOLD_STRICT_RECHECK; runtime UNTESTED"
53,textures/load/spr_sprani_fruity_cvt_Exst/568D3696_1024x1024.dds,localize_text,rework_required_zero_pixel_or_artifact,transcribed_reviewed,A80 14/14; B81+C76+D75 static gates pass; in-game/context approval pending; W00004 C89: A00014 reconfirmed DXT5 decoded-pixel-safe recompression/mip blocker; no new DDS bytes; W00005 C90: A00017 durable terminal/remote CI PASS; DXT5 decoded-pixel/mip blocker unchanged; no new DDS bytes
54,textures/load/spr_sprani_fruity_cvt_Exst/FA7BBB13_1024x512.dds,localize_text,b95_self_qa_pass_pending_c,transcribed_reviewed,A81 17/17 candidate; B82 first QA PASS; C/D and in-game approval pending; B95 exact-bbox rework PASS 17/17; changed pixels outside rework rectangles=0; introduced alpha outside original bboxes=0; automated artifact risk PASS pending C visual; isolated DDS_ONLY in-game pending
55,textures/load/spr_sprani_game_cvt_Exst/2EA557B4_512x64.dds,localize_text,pending_artwork,transcribed_reviewed,Q00007 C109 consumed A00082@43c9086: generation-v2 BC3 preflight PASS; exact block-row extraction plus conservative 2px safe upper bound accepted; exact source removal mask and clean-plate QA still required before Korean render; no DDS bytes; runtime UNTESTED,8,1089,150]; NEXT ROUND -> 다음 라운드; raw flip-Y; no Korean HD DDS bytes; zero-pixel and ENGLISH SOURCE comparison HOLD until candidate; runtime UNTESTED; Q00010 C112 consumed A00094@1a4318f: v2 source-mask/CLEAN_PLATE work order PASS; accepted payload scope geometry verified and guards remain upper bounds only; no source-effect mask/CLEAN_PLATE/candidate DDS; runtime UNTESTED
57,textures/load/spr_sprani_game_cvt_Exst/39229D64_1024x1024.dds,localize_text,a_auto_self_qa_pass_pending_c,transcribed_reviewed,C78 corrected Total Rank x3 background artifacts; candidate f5e6d28211bba350e081f1f714b1fe58d76c15d209b4f312598be6278c8e92a4; A82/B83/D77/D78 old SHA superseded for binary validation; D + in-game pending; A AUTO exact source-bbox PASS 15/15; C + DDS_ONLY in-game pending
59,textures/load/spr_sprani_game_cvt_Exst/7CE1CFC5_512x128.dds,localize_text,pending_artwork,transcribed_reviewed,W00015 A00047+C100 reconstruction input: 4 canonical translations and stock-to-4x cell mapping retained; exact HD 2048x512 blob pinned; exact decoded HD text/effect bboxes and raw orientation still required; no Korean HD DDS bytes; HOLD_STRICT_RECHECK; runtime UNTESTED; Q00008 C110 consumed A00084@d3f775d: exact HD BC3 payload scope PASS 4/4 with 2px cell guards; exact source-effect masks/CLEAN_PLATE/final safe bbox required; no candidate DDS; runtime UNTESTED; Q00010 C112 consumed A00091@962e0a9: v2 source-mask/CLEAN_PLATE work order PASS; payload formula + exact 2px cell guard verified; source-effect mask/CLEAN_PLATE/final safe bbox and candidate-only gates HOLD_STRICT_RECHECK; runtime UNTESTED
60,textures/load/spr_sprani_game_cvt_Exst/A064FDFC_1024x512.dds,localize_text,b94_self_qa_pass_pending_c,transcribed_reviewed,B84 production + C79 strict QA PASS 17 semantic/21 physical; candidate unchanged; D78 same-SHA preflight valid; final D reconcile + in-game pending; B94 exact source-diff bbox rework PASS 21/21; C + isolated DDS_ONLY in-game pending
61,textures/load/spr_sprani_game_cvt_Exst/C4A2937B_1024x1024.dds,localize_text,c91_single_dds_isolation_ready_pending_ingame,transcribed_reviewed,W00006 C91: A00020 single-DDS isolation input promoted to shared manifest; source/candidate blobs unchanged from C85; runtime UNTESTED
62,textures/load/spr_sprani_loading_cvt_Exst/33491F83_512x256.dds,localize_text,pending_artwork,transcribed_reviewed,W00011 B00036+C96: Diverge/Left/Right/HARD/EASY confirmed -> 분기/왼쪽/오른쪽/어려움/쉬움; promoted to localize_text; text-only masks must preserve road/arrows; exact decoded bbox + zero-pixel ENGLISH SOURCE comparison required; no DDS bytes; runtime UNTESTED; W00014 B00045+C99: 5 semantic / 7 physical text occurrences mapped to exact upstream atlas cells; road/arrows preserved; exact text-effect bbox/render remains HOLD; pinned source/atlas/HD blobs 3/3; runtime UNTESTED; Q00008 C110 consumed B00085@7dca0c9: exact Release RGBA32 payload scope PASS for 5 regions / 7 physical semantic occurrences; zero overlap; source masks/CLEAN_PLATE/candidate gates HOLD_STRICT_RECHECK; no DDS bytes; runtime UNTESTED; Q00011 C113 consumed B00100@efe9956: v2 work-order QA PASS; 37/37 batch scopes and 40 mapped physical semantics accepted; index50 4 unresolved bindings retained; source masks/CLEAN_PLATE/candidate gates HOLD_STRICT_RECHECK; no DDS bytes; runtime UNTESTED
63,textures/load/spr_sprani_loading_cvt_Exst/48DEBE77_512x512.dds,localize_text,c85_pixel_visual_pass_pending_ingame,transcribed_reviewed,B90 CREATE_NEW_HD 2048x2048 candidate C83 strict QA PASS unchanged; START x2/GOAL x1; all pixel/alpha changes confined to 3 cells; raw mirror_y; D + in-game pending
65,textures/load/spr_sprani_loading_cvt_Exst/EBEF6D20_512x512.dds,localize_text,pending_artwork,transcribed_reviewed,Q00001 C103 consumed A00056@f6f1646: exact upstream Release/decoded-PNG/4x-atlas identities PASS; Loading -> 로딩 canonical; direct English-source mapping confirms sprite_11 + sprite_12; exact HD glyph/effect bbox + raw orientation still required before Korean raster; no candidate DDS; HOLD_STRICT_RECHECK; runtime UNTESTED; Q00008 C110 consumed A00084@d3f775d: exact HD payload scopes PASS 2/2 Loading cells with 2px cell guards; raw orientation reconfirm + source-effect mask/CLEAN_PLATE required; no candidate DDS; runtime UNTESTED; Q00010 C112 consumed A00091@962e0a9: v2 source-mask/CLEAN_PLATE work order PASS; payload formula + exact 2px cell guard verified; source-effect mask/CLEAN_PLATE/final safe bbox and candidate-only gates HOLD_STRICT_RECHECK; runtime UNTESTED
86,textures/load/spr_sprani_ranking_cvt_Exst/C598919A_1024x1024.dds,localize_text,pending_artwork,transcribed_reviewed,Q00005 C107 consumed B00076@b2f19f6: 24/24 canonical semantics mapped to 31 physical cells; immutable source/evidence identity and x4 geometry PASS; no Korean DDS; exact-HD effect bbox/orientation/slant/clean-plate and candidate gates HOLD_STRICT_RECHECK; runtime UNTESTED; Q00009 C111 consumed B00087@986f49c: 31/31 exact Release BC3 payload regions PASS, 31/31 4x4 aligned, 24/24 current canonical semantics retained; source-effect mask/CLEAN_PLATE/candidate gates HOLD_STRICT_RECHECK; runtime UNTESTED; Q00011 C113 consumed B00097@305fff0: v2 work-order QA PASS from C111-accepted payload lineage; 46 localize + 2 preserve across batch; source masks/CLEAN_PLATE/candidate gates HOLD_STRICT_RECHECK; no DDS bytes; runtime UNTESTED
89,textures/load/spr_sprani_route_cvt_Exst/43B07A77_512x64.dds,localize_text,pending_artwork,transcribed_reviewed,"Q00001 C103 consumed A00056@f6f1646: Game Over -> 게임 오버 canonical; exact local HD/evidence blobs PASS; source 2048x256 RGBA32 mip1, readable flip_y, right slant 0.35/19.29deg; strict generation spec permits candidate only inside [1,13,1494,248]; no Korean raster/DDS; HOLD_STRICT_RECHECK; runtime UNTESTED"
92,textures/load/spr_sprani_selector_cvt_Exst/1A43E9D9_512x64.dds,localize_text,pending_artwork,transcribed_reviewed,Q00007 C109 consumed B00083@20d9271: generation-v2 safe-fit preflight PASS for OutRun Mode / 15 continuous course; 2px readable safe bboxes and raw flip_y mappings verified; clean plate/candidate gates HOLD_STRICT_RECHECK; no DDS bytes; runtime UNTESTED
94,textures/load/spr_sprani_selector_cvt_Exst/2DA43E41_1024x1024.dds,localize_text,rework_required_zero_pixel_or_artifact,transcribed_reviewed,C80 restored omitted particle 이 in both course-selection lines; new SHA 02da4680cbb25936aedbb6b61857d7d33b1e10889b5dc427420d4eea7e6e6563; D80 old SHA superseded; D + in-game pending; W00004 C89: B00015 reconfirmed B93 safe-repair attempts exhausted; no duplicate speculative rework; W00005 C90: B00018 durable terminal/remote CI PASS; B93 safe-repair attempts remain exhausted; no new DDS bytes
95,textures/load/spr_sprani_selector_cvt_Exst/37759842_1024x1024.dds,localize_text,pending_artwork,transcribed_reviewed,Q00007 C109 consumed A00079@bad79d4: 28 exact mapped HD cell payload row-slice extractions accepted for 37759842; 20/20 canonical semantics retained; exact source effect masks/orientation/slant/clean plate and candidate gates HOLD_STRICT_RECHECK; no DDS bytes; runtime UNTESTED; Q00009 C111 consumed A00088@bff919c: 28/28 v2 source-mask/CLEAN_PLATE work units PASS across 20/20 current canonical semantics, exact 2px cell guards and profile-aware payload formulas; no candidate DDS/CLEAN_PLATE yet; runtime UNTESTED
97,textures/load/spr_sprani_selector_cvt_Exst/411827E_512x512.dds,localize_text,a00004_self_qa_pass_pending_c_visual_ingame,transcribed_reviewed,C80 restored canonical Recommendation badge white border while retaining 추천; new SHA c3e89fb3875e1aba79a6a3fc744fde6af91bff5906fdb1827573ca0d2c9a2d74; D81 old SHA superseded; D + in-game pending; A00004 411 exact source-bbox PASS 7/7; badge backgrounds not resampled; C visual + DDS_ONLY in-game pending
98,textures/load/spr_sprani_selector_cvt_Exst/42E618FD_512x32.dds,localize_text,pending_artwork,transcribed_reviewed,Q00007 C109 consumed B00083@20d9271: generation-v2 2px safe-fit bbox + raw flip_y mapping verified for Challenge the course record.; clean plate and Korean candidate gates HOLD_STRICT_RECHECK; no DDS bytes; runtime UNTESTED
99,textures/load/spr_sprani_selector_cvt_Exst/4F68708E_512x64.dds,localize_text,pending_artwork,transcribed_reviewed,W00013 A00041+C98 reconstruction input ready: exact HD 2048x256 BC3 decoded source metrics retained; 고스트 카와 달리며 코스 기록에 도전하세요!; text/panel segmentation + exact full-effect bbox + zero-pixel ENGLISH SOURCE proof required; no DDS bytes; runtime UNTESTED
100,textures/load/spr_sprani_selector_cvt_Exst/53CE39D5_512x512.dds,localize_text,pending_artwork,transcribed_reviewed,Q00005 C107 consumed B00076@b2f19f6: 7/7 canonical semantics mapped to 7 physical cells; immutable source/evidence identity and x4 geometry PASS; no Korean DDS; exact-HD effect masks/render and candidate gates HOLD_STRICT_RECHECK; runtime UNTESTED; Q00009 C111 consumed B00087@986f49c: 7/7 exact Release RGBA32 payload regions and 7/7 current canonical semantics PASS; source-effect mask/CLEAN_PLATE/candidate gates HOLD_STRICT_RECHECK; runtime UNTESTED; Q00011 C113 consumed B00097@305fff0: v2 work-order QA PASS from C111-accepted payload lineage; 46 localize + 2 preserve across batch; source masks/CLEAN_PLATE/candidate gates HOLD_STRICT_RECHECK; no DDS bytes; runtime UNTESTED
101,textures/load/spr_sprani_selector_cvt_Exst/560FA536_1024x1024.dds,localize_text,pending_artwork,transcribed_reviewed,Q00007 C109 consumed A00079@bad79d4: 13 exact mapped HD cell payload row-slice extractions accepted for 560FA536; 12/12 canonical semantics retained; exact source effect masks/orientation/slant/clean plate and candidate gates HOLD_STRICT_RECHECK; no DDS bytes; runtime UNTESTED; Q00010 C112 consumed A00094@1a4318f: v2 source-mask/CLEAN_PLATE work order PASS; accepted payload scope geometry verified and guards remain upper bounds only; no source-effect mask/CLEAN_PLATE/candidate DDS; runtime UNTESTED
102,textures/load/spr_sprani_selector_cvt_Exst/571E78F3_512x64.dds,localize_text,rework_required_zero_pixel_or_artifact,transcribed_reviewed,B87 canonical HD DXT5 rebuild + C81 strict QA PASS unchanged; D82 same-SHA preflight valid; final D + in-game reapproval pending; historical low-res approval remains superseded; W00004 C89: B00015 reconfirmed no new production write; isolated DDS_ONLY runtime evidence required before reapproval; W00005 C90: B00018 durable terminal/remote CI PASS; strict-C candidate still requires isolated DDS_ONLY reapproval; no new DDS bytes
103,textures/load/spr_sprani_selector_cvt_Exst/590A4724_512x512.dds,localize_text,pending_artwork,transcribed_reviewed,W00009 A00029+C94: Normal balance x1 confirmed -> 일반 밸런스; promoted from zoom_review to localize_text; exact HD decoded-pixel text/effect bbox + raw orientation required; zero-pixel + ENGLISH SOURCE side-by-side required before candidate; no DDS bytes yet; runtime UNTESTED
104,textures/load/spr_sprani_selector_cvt_Exst/62BEBF33_512x64.dds,localize_text,c86_containment_pass_high_risk_pending_ingame,transcribed_reviewed,B87 canonical HD DXT5 rebuild + C81 strict QA PASS unchanged; D82 same-SHA preflight valid; final D + in-game reapproval pending; historical low-res approval remains superseded; B92 exact-bbox 1px vertical rework PASS 503f89fb2f68f5f3e8a86f527edf5aecb6219e31b1aa81c0678c2e54979dbd7e; edge-touch high-risk; independent C + DDS_ONLY in-game pending; C86 independent GitHub binary revalidation PASS: 2048x256 DXT5/1 mip/header exact
106,textures/load/spr_sprani_selector_cvt_Exst/788CE557_512x256.dds,localize_text,pending_artwork,transcribed_reviewed,Q00005 C107 consumed B00076@b2f19f6: 4/4 producer semantics mapped; OutRun2SP cell is protected original logo wordmark and removed from Korean raster segments; remaining 3 localizable cells pending exact-HD effect masks/render; no Korean DDS; runtime UNTESTED; Q00009 C111 consumed B00087@986f49c: 4/4 exact Release RGBA32 payload regions PASS; 3 localizable canonical labels retained and OutRun2SP remains protected original; no candidate DDS/CLEAN_PLATE; runtime UNTESTED; Q00011 C113 consumed B00097@305fff0: v2 work-order QA PASS from C111-accepted payload lineage; 46 localize + 2 preserve across batch; source masks/CLEAN_PLATE/candidate gates HOLD_STRICT_RECHECK; no DDS bytes; runtime UNTESTED
107,textures/load/spr_sprani_selector_cvt_Exst/841E796B_512x128.dds,localize_text,pending_artwork,transcribed_reviewed,Q00001 C103 consumed A00056@f6f1646: exact upstream identities PASS; No Handicap -> 핸디캡 없음 canonical and maps to sprite_516; nine Ferrari/model cards preserve-original; exact HD glyph/effect bbox + raw orientation still required; no Korean DDS; HOLD_STRICT_RECHECK; runtime UNTESTED; Q00008 C110 consumed A00084@d3f775d: exact HD payload scope PASS for No Handicap; nine Ferrari/model cards remain preserve-original; exact source-effect mask/CLEAN_PLATE/orientation required; no candidate DDS; runtime UNTESTED; Q00010 C112 consumed A00091@962e0a9: v2 source-mask/CLEAN_PLATE work order PASS; payload formula + exact 2px cell guard verified; source-effect mask/CLEAN_PLATE/final safe bbox and candidate-only gates HOLD_STRICT_RECHECK; runtime UNTESTED
111,textures/load/spr_sprani_selector_cvt_Exst/C075FB49_512x512.dds,localize_text,rework_required_zero_pixel_or_artifact,transcribed_reviewed,B88 changed-SHA residue fix + C82 strict QA PASS; D83 same-SHA preflight valid; final D + in-game pending; A00004 partial safe rework: long_distance/for_experts/new_course_desc contained; 6 C85 failures remain; W00004 C89: A00014 reconfirmed 6 overlap/artwork-sensitive failures remain; no speculative rewrite; W00005 C90: A00017 durable terminal/remote CI PASS; six overlap/artwork-sensitive failures remain
112,textures/load/spr_sprani_selector_cvt_Exst/D41D0B1_512x64.dds,localize_text,pending_artwork,transcribed_reviewed,Q00007 C109 consumed B00083@20d9271: generation-v2 2px safe-fit bbox + raw flip_y mapping verified for girlfriend-goal text; clean plate and Korean candidate gates HOLD_STRICT_RECHECK; no DDS bytes; runtime UNTESTED
116,textures/load/spr_sprani_selector_cvt_Exst/E3FD08BE_512x64.dds,localize_text,c86_containment_pass_high_risk_pending_ingame,transcribed_reviewed,B87 canonical HD DXT5 rebuild + C81 strict QA PASS unchanged; D82 same-SHA preflight valid; final D + in-game reapproval pending; historical low-res approval remains superseded; B92 exact-bbox 1px vertical rework PASS 51982e41c33b2e95ddbf1039cd65b342b5f54a1c2a5dab0abee6b4c785a0f548; edge-touch high-risk; independent C + DDS_ONLY in-game pending; C86 independent GitHub binary revalidation PASS: 2048x256 DXT5/1 mip/header exact
119,textures/load/spr_sprani_selector_cvt_Exst/F6811E94_512x64.dds,localize_text,pending_artwork,transcribed_reviewed,"Q00007 C109 consumed A00082@43c9086: generation-v2 BC3 preflight PASS; full-cell block extraction and conservative 2px safe upper bound accepted; exact removal mask/clean-plate QA required before 타임 어택 모드 render; no DDS bytes; runtime UNTESTED; Q00010 C112 consumed A00094@1a4318f: v2 source-mask/CLEAN_PLATE work order PASS; accepted payload scope geometry verified and guards remain upper bounds only; no source-effect mask/CLEAN_PLATE/candidate DDS; runtime UNTESTED; Q00012 C114 consumed A00105@01cbfde: exact BC3 source preflight QA PASS; 2048x256 DXT5 mip1/header, alpha geometry, removal-mask SHA, CLEAN_PLATE fingerprint and final v2 safe bbox [392,58,1629,199] independently reproduced; no Korean DDS; candidate-only/style/runtime gates HOLD_STRICT_RECHECK; runtime UNTESTED"
121,textures/load/spr_sprani_selector_cvt_Exst/FD90AA9_1024x1024.dds,localize_text,rework_required_zero_pixel_or_artifact,transcribed_reviewed,A87/B88 same-SHA + C82 strict QA PASS 29/29; D83 same-SHA preflight valid; final D + in-game pending; W00004 C89: A00014 reconfirmed exact-bbox/collateral source-faithful rebuild blocker; no new DDS bytes; W00005 C90: A00017 durable terminal/remote CI PASS; source-faithful exact-bbox/collateral rebuild blocker unchanged
122,textures/load/spr_sprani_splash_cvt_xst/549D375_512x256.dds,preserve_brand_song_credit,preserve_original,not_required,legal/licensing credits; preserve original
128,textures/load/spr_sprani_sumo_fe_cvt_Exst/12519155_256x256.dds,localize_text,pending_artwork,transcribed_reviewed,W00016 B00051+C101 exact-HD reconstruction manifest retained: 7 canonical segments; upstream HD/PNG/atlas blobs 3/3 matched; no Korean DDS bytes; semantic-to-strip mapping/text-only bbox/render still HOLD_STRICT_RECHECK; runtime UNTESTED
130,textures/load/spr_sprani_sumo_fe_cvt_Exst/1762489B_512x128.dds,localize_text,pending_artwork,transcribed_reviewed,Q00004 C106 accepted B00069 1762489B direct semantic mapping; exact HD source-effect/candidate gates HOLD; runtime UNTESTED; pass7 transcription saved; W00017 B00054/C102 exact-HD reconstruction inputs pinned; 5 canonical semantic entries; no Korean DDS candidate; raster/DDS gates HOLD_STRICT_RECHECK; runtime UNTESTED; Q00009 C111 consumed B00090@d7a3cb3: 6/6 exact Release RGBA32 regions/formulas/bounds PASS with 5 current canonical semantics; source mask/CLEAN_PLATE/candidate gates HOLD_STRICT_RECHECK; runtime UNTESTED; Q00011 C113 consumed B00097@305fff0: v2 work-order QA PASS from C111-accepted payload lineage; 46 localize + 2 preserve across batch; source masks/CLEAN_PLATE/candidate gates HOLD_STRICT_RECHECK; no DDS bytes; runtime UNTESTED
132,textures/load/spr_sprani_sumo_fe_cvt_Exst/1F5FE6E9_1024x512.dds,localize_text,pending_artwork,transcribed_reviewed,Q00001 C103 consumed B00057@bbe1202: exact upstream Release/decoded-PNG/4x-atlas identities PASS; 4/4 canonical semantics; 21-region semantic-to-cell/text masks pending; no Korean DDS; HOLD_STRICT_RECHECK; runtime UNTESTED
133,textures/load/spr_sprani_sumo_fe_cvt_Exst/25F697C6_512x512.dds,localize_text,pending_artwork,transcribed_reviewed,pass7 transcription saved
135,textures/load/spr_sprani_sumo_fe_cvt_Exst/2B0863D6_512x64.dds,localize_text,pending_artwork,transcribed_reviewed,pass7 transcription saved
136,textures/load/spr_sprani_sumo_fe_cvt_Exst/2B785F6A_512x512.dds,zoom_review,preserve_original,not_required,W00006 B100+C91 zoom review resolved: scenic/course-card artwork plus protected OutRun2SP logo only; no localizable text; preserve original
137,textures/load/spr_sprani_sumo_fe_cvt_Exst/30CF0D_512x256.dds,localize_text,pending_artwork,transcribed_reviewed,Q00003 C00071 accepted A00061 exact source evidence + MANUAL sprite_63 mapping; SELECT TRANSMISSION/AUTOMATIC remain exact-HD decode HOLD; no Korean DDS; runtime UNTESTED; Q00012 C114 consumed A00102@470c786: v2 direct-inspection work-order QA PASS; 22/22 regions/payload scopes/guards accepted; 5 known bindings + 3 unresolved fail-closed semantics retained; exact decode/source masks/CLEAN_PLATE/candidate gates HOLD_STRICT_RECHECK; no DDS bytes; runtime UNTESTED
139,textures/load/spr_sprani_sumo_fe_cvt_Exst/313DB8CB_512x256.dds,localize_text,pending_artwork,transcribed_reviewed,pass7 transcription saved
140,textures/load/spr_sprani_sumo_fe_cvt_Exst/31C58963_512x256.dds,localize_text,pending_artwork,transcribed_reviewed,Q00004 C106 accepted B00069 31C58963 direct mappings; stock source shows PRESS ENTER while canonical is PRESS START; Q00012 C114 consumed B00103@75fbb01: v2 source-mask/CLEAN_PLATE work-order QA PASS; 13/13 localize units/guards accepted with 4 preserve regions; index140 PRESS START/PRESS ENTER variant remains exact-source HOLD; no DDS bytes; runtime UNTESTED, so prompt variant remains HOLD pending exact Release-HD decode; runtime UNTESTED; pass1 transcription saved; W00017 B00054/C102 exact-HD plus working-source reconstruction input pinned; 5 canonical semantic entries; upstream references expose PRESS START/PRESS ENTER variant so exact Release DDS glyph mapping is required before render; no Korean DDS candidate; HOLD_STRICT_RECHECK; runtime UNTESTED; Q00009 C111 consumed B00090@d7a3cb3: 5/5 exact Release RGBA32 regions PASS; 4 exact current mappings and PRESS START canonical vs PRESS ENTER source variant remains HOLD_STRICT_RECHECK pending exact Release decode; no candidate DDS; runtime UNTESTED
143,textures/load/spr_sprani_sumo_fe_cvt_Exst/34923C8A_512x128.dds,localize_text,pending_artwork,transcribed_reviewed,pass8 transcription saved
144,textures/load/spr_sprani_sumo_fe_cvt_Exst/35361191_512x512.dds,zoom_review,preserve_original,not_required,W00006 B100+C91 zoom review resolved: scenic/course-card artwork plus protected OutRun2 logo only; no localizable text; preserve original
146,textures/load/spr_sprani_sumo_fe_cvt_Exst/39018963_512x256.dds,zoom_review,preserve_original,not_required,W00006 B100+C91 zoom review resolved: scenic/course-card artwork plus protected OutRun2 logo only; no localizable text; preserve original
147,textures/load/spr_sprani_sumo_fe_cvt_Exst/39BCA907_512x256.dds,localize_text,pending_artwork,transcribed_reviewed,Q00003 C00071 accepted A00065 immutable source/atlas identity and 17/17 stock-to-4x regions; semantic-to-sprite assignment remains HOLD; no Korean DDS; runtime UNTESTED; Q00011 C113 consumed A00096@e3004e5: v2 direct-inspection work-order QA PASS; exact scope/2px-guard arithmetic accepted; decoded semantic binding/source mask/CLEAN_PLATE/candidate gates HOLD_STRICT_RECHECK; no DDS bytes; runtime UNTESTED
148,textures/load/spr_sprani_sumo_fe_cvt_Exst/3AE1BB60_256x256.dds,zoom_review,preserve_original,not_required,W00006 B100+C91 zoom review resolved: scenic/course-card artwork plus protected OutRun2SP logo only; no localizable text; preserve original
150,textures/load/spr_sprani_sumo_fe_cvt_Exst/40A4D914_256x128.dds,zoom_review,preserve_original,not_required,W00007 B00024+C92 zoom review resolved: scenic postcard/question-mark artwork + protected OutRun2SP logo only; no localizable UI word text; preserve original
151,textures/load/spr_sprani_sumo_fe_cvt_Exst/4668C688_512x512.dds,zoom_review,preserve_original,not_required,W00009 A00029+C94 zoom review resolved: scenic/course-card artwork + protected OutRun2 logo only; no localizable UI prose; preserve original
152,textures/load/spr_sprani_sumo_fe_cvt_Exst/49BB5FE5_128x32.dds,localize_text,pending_artwork,transcribed_reviewed,Q00005 C107 consumed B00073@683b87c: exact HD 512x128 BC3 source identity PASS; flip_y and six semantic cells proven; preserve '89/'86 and localize PRO./INS./G.M./E.R.; no new Korean HD DDS; candidate gates HOLD_STRICT_RECHECK; runtime UNTESTED
153,textures/load/spr_sprani_sumo_fe_cvt_Exst/4C972A19_512x512.dds,zoom_review,preserve_original,not_required,W00009 A00029+C94 zoom review resolved: course-card artwork + protected OutRun2 logos + rank ordinals/numerals/symbolic icons only; no localizable UI prose; preserve original
154,textures/load/spr_sprani_sumo_fe_cvt_Exst/4D38BBB0_1024x256.dds,localize_text,pending_artwork,transcribed_reviewed,Q00004 C106 accepted B00069 4D38BBB0 direct mappings and reconciled omitted SHOWROOM -> 쇼룸; canonical segments now 6; exact HD source-effect/candidate gates HOLD; runtime UNTESTED; pass1 transcription saved; W00017 B00054/C102 exact-HD plus working-source reconstruction input pinned; 5 canonical semantic entries across 10 atlas regions; semantic-to-region mapping required before render; no Korean DDS candidate; HOLD_STRICT_RECHECK; runtime UNTESTED; Q00009 C111 consumed B00090@d7a3cb3: 10/10 exact Release RGBA32 regions PASS; 6 current canonical localizable semantics including reconciled SHOWROOM retained; Q00012 C114 consumed B00103@75fbb01: v2 source-mask/CLEAN_PLATE work-order QA PASS; 13/13 localize units/guards accepted with 4 preserve regions; index140 PRESS START/PRESS ENTER variant remains exact-source HOLD; no DDS bytes; runtime UNTESTED, preserve-original regions untouched; no candidate DDS/CLEAN_PLATE; runtime UNTESTED
155,textures/load/spr_sprani_sumo_fe_cvt_Exst/4D49CA85_512x256.dds,zoom_review,preserve_original,not_required,W00009 A00029+C94 zoom review resolved: scenic/course-card artwork + protected OutRun2SP logo only; no localizable UI prose; preserve original
157,textures/load/spr_sprani_sumo_fe_cvt_Exst/4DF4D7CD_512x512.dds,zoom_review,preserve_original,not_required,W00010 A00032+C95 zoom review resolved: scenic/course-card artwork + protected OutRun2 logo only; no localizable UI prose; preserve original
159,textures/load/spr_sprani_sumo_fe_cvt_Exst/4EDA9DE3_512x256.dds,localize_text,pending_artwork,transcribed_reviewed,Q00003 C00071 accepted A00065 immutable source/atlas identity and 15/15 stock-to-4x regions; semantic-to-sprite assignment remains HOLD; no Korean DDS; runtime UNTESTED; Q00011 C113 consumed A00096@e3004e5: v2 direct-inspection work-order QA PASS; exact scope/2px-guard arithmetic accepted; decoded semantic binding/source mask/CLEAN_PLATE/candidate gates HOLD_STRICT_RECHECK; no DDS bytes; runtime UNTESTED
161,textures/load/spr_sprani_sumo_fe_cvt_Exst/55B57CDE_512x512.dds,localize_text,pending_artwork,transcribed_reviewed,Q00003 C00071 accepted A00065 immutable source/atlas identity and 38/38 stock-to-4x regions; semantic-to-sprite assignment remains HOLD; no Korean DDS; runtime UNTESTED; Q00011 C113 consumed A00096@e3004e5: v2 direct-inspection work-order QA PASS; exact scope/2px-guard arithmetic accepted; decoded semantic binding/source mask/CLEAN_PLATE/candidate gates HOLD_STRICT_RECHECK; no DDS bytes; runtime UNTESTED
163,textures/load/spr_sprani_sumo_fe_cvt_Exst/59A79158_256x512.dds,localize_text,pending_artwork,transcribed_reviewed,Q00003 C00071 accepted A00065 immutable source/atlas identity and 24/24 stock-to-4x regions; semantic-to-sprite assignment remains HOLD; no Korean DDS; runtime UNTESTED; Q00011 C113 consumed A00096@e3004e5: v2 direct-inspection work-order QA PASS; exact scope/2px-guard arithmetic accepted; decoded semantic binding/source mask/CLEAN_PLATE/candidate gates HOLD_STRICT_RECHECK; no DDS bytes; runtime UNTESTED
164,textures/load/spr_sprani_sumo_fe_cvt_Exst/5B65E08C_512x256.dds,localize_text,pending_artwork,transcribed_reviewed,Q00004 C106 accepted B00069 5B65E08C SELECT LICENSE direct mapping; exact HD source-effect/candidate gates HOLD; runtime UNTESTED; pass1 transcription saved; W00017 B00054/C102 exact-HD plus working-source reconstruction input pinned; 1 canonical semantic entry across 3 atlas regions; exact text-region mapping required before render; no Korean DDS candidate; HOLD_STRICT_RECHECK; runtime UNTESTED; Q00009 C111 consumed B00090@d7a3cb3: 3/3 exact Release RGBA32 regions PASS; SELECT LICENSE mapping retained and two preserve-original regions untouched; no candidate DDS/CLEAN_PLATE; runtime UNTESTED; Q00012 C114 consumed B00103@75fbb01: v2 source-mask/CLEAN_PLATE work-order QA PASS; 13/13 localize units/guards accepted with 4 preserve regions; index140 PRESS START/PRESS ENTER variant remains exact-source HOLD; no DDS bytes; runtime UNTESTED
165,textures/load/spr_sprani_sumo_fe_cvt_Exst/5C98F2_512x512.dds,zoom_review,preserve_original,not_required,W00010 A00032+C95 zoom review resolved: scenic/course-card artwork + protected OutRun2SP logo only; no localizable UI prose; preserve original
166,textures/load/spr_sprani_sumo_fe_cvt_Exst/5EBD7FE8_1024x1024.dds,zoom_review,preserve_original,not_required,W00011 B00036+C96 zoom review resolved: album/CD-cover collage with protected OutRun branding and song/track-title/credit artwork only; no independent localizable UI prose; preserve original
169,textures/load/spr_sprani_sumo_fe_cvt_Exst/638F38C0_512x256.dds,zoom_review,preserve_original,not_required,W00010 A00032+C95 zoom review resolved: OutRun2/OutRun2SP logo collage + scenic cards + symbolic question mark only; no localizable UI prose; preserve original
171,textures/load/spr_sprani_sumo_fe_cvt_Exst/67CE2848_512x256.dds,zoom_review,preserve_original,not_required,W00010 A00032+C95 zoom review resolved: scenic/course-card artwork + protected OutRun2SP/OutRun2 logos only; no localizable UI prose; preserve original
172,textures/load/spr_sprani_sumo_fe_cvt_Exst/6C9B3611_256x256.dds,localize_text,pending_artwork,transcribed_reviewed,Q00007 C109 consumed B00080@64001b4: exact Release RGBA32 payload extraction PASS for START/GOAL region; OutRun2SP/course artwork remains protected; exact glyph masks/clean plate/candidate gates HOLD_STRICT_RECHECK; no DDS bytes; runtime UNTESTED; Q00010 C112 consumed B00095@718c1ab: v2 source-mask/CLEAN_PLATE work order PASS; payload formulas + exact 2px cell guards verified; no source-effect mask/CLEAN_PLATE/candidate DDS; downstream gates HOLD_STRICT_RECHECK; runtime UNTESTED
173,textures/load/spr_sprani_sumo_fe_cvt_Exst/6DC89C6E_512x512.dds,localize_text,pending_artwork,transcribed_reviewed,Q00003 C00071 accepted A00067 immutable source/atlas reconstruction input and exact stock-to-4x geometry; semantic-to-sprite/source-effect bbox remains HOLD; no Korean DDS; runtime UNTESTED; Q00011 C113 consumed A00098@b7ce5c1: v2 direct-inspection work-order QA PASS; exact scope/2px-guard arithmetic accepted; decoded semantic binding/source mask/CLEAN_PLATE/candidate gates HOLD_STRICT_RECHECK; no DDS bytes; runtime UNTESTED
174,textures/load/spr_sprani_sumo_fe_cvt_Exst/73F852A4_512x512.dds,zoom_review,preserve_original,not_required,W00007 B00024+C92 zoom review resolved: scenic/course-card artwork + protected OutRun2/OutRun2SP logos only; no localizable UI word text; preserve original
175,textures/load/spr_sprani_sumo_fe_cvt_Exst/754F0599_512x256.dds,localize_text,pending_artwork,transcribed_reviewed,Q00004 C106 accepted A00068 immutable source/atlas reconstruction input for 754F0599; semantic-to-sprite/full-effect/candidate gates HOLD; runtime UNTESTED; pass1 transcription saved; Q00008 C110 consumed A00084@d3f775d: exact HD payload scopes PASS 5/5 inspection cells with 2px cell guards; semantic-to-sprite binding remains HOLD_STRICT_RECHECK; no candidate DDS; runtime UNTESTED; Q00010 C112 consumed A00091@962e0a9: 5/5 direct-inspection payload cells + exact 2px guards PASS; semantic-to-sprite binding remains HOLD_STRICT_RECHECK pending exact decode; no candidate DDS/CLEAN_PLATE; runtime UNTESTED
176,textures/load/spr_sprani_sumo_fe_cvt_Exst/75C3586A_512x512.dds,localize_text,pending_artwork,transcribed_reviewed,Q00001 C103 consumed B00057@bbe1202: exact upstream identities PASS; 4/4 canonical names; portrait/map artwork protected and exact semantic-to-cell mapping pending; no Korean DDS; HOLD_STRICT_RECHECK; runtime UNTESTED
177,textures/load/spr_sprani_sumo_fe_cvt_Exst/7978907D_512x128.dds,zoom_review,preserve_original,not_required,W00011 A00035+C96 zoom review resolved: album/soundtrack-cover sprites with protected OutRun2 branding/music artwork only; no localizable UI prose; preserve original
178,textures/load/spr_sprani_sumo_fe_cvt_Exst/798A1E_1024x256.dds,zoom_review,preserve_original,not_required,W00011 B00036+C96 zoom review resolved: music/album panels with protected OutRun2 branding and song-title artwork only; no independent localizable UI prose; preserve original
180,textures/load/spr_sprani_sumo_fe_cvt_Exst/7ABD5110_1024x256.dds,zoom_review,preserve_original,not_required,W00007 B00024+C92 zoom review resolved: vehicle/color-selector + postcard artwork + protected OutRun2SP logo only; no localizable UI word text; preserve original
182,textures/load/spr_sprani_sumo_fe_cvt_Exst/7D747BED_512x128.dds,preserve_brand_song_credit,preserve_original,not_required,Q00002 C104 confirmed 0 canonical localizable segments: Ferrari vehicle/model names plus AT/MT indicators only; preserve original artwork; source identity 4/4 exact; runtime UNTESTED
188,textures/load/spr_sprani_sumo_fe_cvt_Exst/8C259C68_512x512.dds,localize_text,pending_artwork,transcribed_reviewed,pass9 transcription saved
189,textures/load/spr_sprani_sumo_fe_cvt_Exst/8C9E91F8_512x512.dds,zoom_review,preserve_original,not_required,W00011 A00035+C96 zoom review resolved: front-end strips containing protected OutRun2/OutRun2SP logo fragments and background art only; no localizable UI prose; preserve original
191,textures/load/spr_sprani_sumo_fe_cvt_Exst/94BB6271_512x256.dds,zoom_review,preserve_original,not_required,W00011 A00035+C96 zoom review resolved: scenic/course-card sprites with protected OutRun2SP logo artwork only; no localizable UI prose; preserve original
193,textures/load/spr_sprani_sumo_fe_cvt_Exst/97E863AD_512x256.dds,localize_text,pending_artwork,transcribed_reviewed,Q00003 C00071 accepted A00067 immutable source/atlas reconstruction input and exact stock-to-4x geometry; semantic-to-sprite/source-effect bbox remains HOLD; no Korean DDS; runtime UNTESTED; Q00011 C113 consumed A00098@b7ce5c1: v2 direct-inspection work-order QA PASS; exact scope/2px-guard arithmetic accepted; decoded semantic binding/source mask/CLEAN_PLATE/candidate gates HOLD_STRICT_RECHECK; no DDS bytes; runtime UNTESTED
194,textures/load/spr_sprani_sumo_fe_cvt_Exst/9AC75730_512x512.dds,zoom_review,preserve_original,not_required,W00007 B00024+C92 zoom review resolved: scenic/course-card artwork + protected OutRun2SP logo only; no localizable UI word text; preserve original
195,textures/load/spr_sprani_sumo_fe_cvt_Exst/9CE4E175_256x32.dds,localize_text,c99_static_qa_pass_runtime_untested,transcribed_reviewed,"W00013 A00041+C98 reconstruction input ready: exact HD 1024x128 BGRA32 header/text-core metrics retained; NOT AVAILABLE -> 이용 불가; raw mirror-X atlas-origin and source-edge risk require text-only bbox recovery + zero-pixel ENGLISH SOURCE proof; no DDS bytes; runtime UNTESTED; W00014 A00044+C99: exact-HD 1024x128 BGRA32 candidate 8ba7d9640d1911a244719d759645e42e45580076f2433ba49e5fc39168ff4c01; NOT AVAILABLE -> 이용 불가; C independently verified byte-identical 128-byte DDS header, mip1/pitch4096, flip-Y readable orientation, source bbox [95,7,489,46], Korean bbox [215,8,369,45], 8776 changed pixels confined to source region, 0 alpha changes/overflow, no clipping/residue/artwork intrusion; STATIC PASS only; runtime UNTESTED"
196,textures/load/spr_sprani_sumo_fe_cvt_Exst/9EF903AF_512x512.dds,zoom_review,preserve_original,not_required,W00009 B00030 attempt3+C94 zoom review resolved: OutRun2 logos + course-card artwork only; no localizable UI prose; preserve original
197,textures/load/spr_sprani_sumo_fe_cvt_Exst/9F060EC1_512x512.dds,localize_text,c85_pixel_visual_pass_pending_ingame,transcribed_reviewed,A88/B89 same-SHA + C82 strict QA PASS 5/5; D + in-game pending; legal/watermark artwork preserved
198,textures/load/spr_sprani_sumo_fe_cvt_Exst/9FC88069_1024x512.dds,localize_text,pending_artwork,transcribed_reviewed,Q00003 C00071 accepted B00066 all 7/7 canonical semantic-to-cell mappings; exact HD glyph/effect bbox/orientation/slant and candidate comparison remain HOLD; no Korean DDS; runtime UNTESTED; Q00010 C112 consumed B00092@2d415b6: exact Release 32bpp extraction scope PASS; size/raw-coordinate/row-slice/file bounds independently verified; binary header/orientation/source-mask/CLEAN_PLATE/candidate gates HOLD_STRICT_RECHECK; runtime UNTESTED; Q00012 C114 consumed B00101@476ecf7: v2 header-gated work-order QA PASS; 37/37 batch scopes/guards and 38 physical semantics accepted; exact DDS header/source masks/CLEAN_PLATE/candidate gates HOLD_STRICT_RECHECK; no DDS bytes; runtime UNTESTED
201,textures/load/spr_sprani_sumo_fe_cvt_Exst/A9ABD877_512x512.dds,localize_text,pending_artwork,transcribed_reviewed,Q00003 C00071 accepted A00067 immutable source/atlas reconstruction input and exact stock-to-4x geometry; semantic-to-sprite/source-effect bbox remains HOLD; no Korean DDS; runtime UNTESTED; Q00011 C113 consumed A00098@b7ce5c1: v2 direct-inspection work-order QA PASS; exact scope/2px-guard arithmetic accepted; decoded semantic binding/source mask/CLEAN_PLATE/candidate gates HOLD_STRICT_RECHECK; no DDS bytes; runtime UNTESTED
202,textures/load/spr_sprani_sumo_fe_cvt_Exst/AB56F682_512x512.dds,zoom_review,preserve_original,not_required,W00012 B00039+C97 zoom review resolved: scenic/course-card panels with protected OutRun2SP logo artwork only; no independent localizable UI prose; preserve original
205,textures/load/spr_sprani_sumo_fe_cvt_Exst/ACF61D7C_1024x512.dds,localize_text,pending_artwork,transcribed_reviewed,Q00004 C106 accepted A00068 immutable source/atlas reconstruction input for ACF61D7C; semantic-to-sprite/full-effect/candidate gates HOLD; runtime UNTESTED; pass10 transcription saved
206,textures/load/spr_sprani_sumo_fe_cvt_Exst/AEA507A4_512x256.dds,localize_text,pending_artwork,transcribed_reviewed,W00012 B00039+C97: route-map START confirmed -> 출발; promoted to localize_text; exact HD decoded full-effect bbox/raw orientation + zero-pixel ENGLISH SOURCE comparison required; no DDS bytes; runtime UNTESTED
209,textures/load/spr_sprani_sumo_fe_cvt_Exst/B3D9B074_256x512.dds,preserve_brand_song_credit,preserve_original,not_required,Q00004 C106 accepted A00070 zero-segment canonical evidence for B3D9B074; no localizable text; preserve original; runtime UNTESTED
210,textures/load/spr_sprani_sumo_fe_cvt_Exst/B5BB7AB0_512x512.dds,zoom_review,preserve_original,not_required,W00012 B00039+C97 zoom review resolved: scenic/course-card panels with protected OutRun2SP logo artwork only; no independent localizable UI prose; preserve original
212,textures/load/spr_sprani_sumo_fe_cvt_Exst/BA0147DA_512x512.dds,localize_text,pending_artwork,transcribed_reviewed,pass10 transcription saved
214,textures/load/spr_sprani_sumo_fe_cvt_Exst/BF229CF4_512x512.dds,localize_text,pending_artwork,transcribed_reviewed,Q00003 C00071 accepted B00066 START/GOAL -> 출발/골 route-map cell mapping; exact HD glyph/effect bbox/orientation/slant remain HOLD; no Korean DDS; runtime UNTESTED; Q00010 C112 consumed B00092@2d415b6: exact Release 32bpp extraction scope PASS; size/raw-coordinate/row-slice/file bounds independently verified; binary header/orientation/source-mask/CLEAN_PLATE/candidate gates HOLD_STRICT_RECHECK; runtime UNTESTED; Q00012 C114 consumed B00101@476ecf7: v2 header-gated work-order QA PASS; 37/37 batch scopes/guards and 38 physical semantics accepted; exact DDS header/source masks/CLEAN_PLATE/candidate gates HOLD_STRICT_RECHECK; no DDS bytes; runtime UNTESTED
215,textures/load/spr_sprani_sumo_fe_cvt_Exst/C05E67EF_128x64.dds,localize_text,pending_artwork,transcribed_reviewed,W00016 A00050+C101 partial exact-HD RGBA32 candidate retains only historical touched-segment static evidence for 15con. -> 15코스; W00017 A00053/C102 source-derived GOAL A-E clean plate accepted with 18497 source alpha pixels removed and zero RGB/outside/introduced-alpha changes; Korean GOAL lettering remains blocked pending approved source-faithful Hangul treatment; no full-asset static completion; runtime UNTESTED
217,textures/load/spr_sprani_sumo_fe_cvt_Exst/D1039D6F_512x512.dds,localize_text,pending_artwork,transcribed_reviewed,Q00003 C00071 accepted A00061 START/GOAL -> 출발/골 mapping in sprite_766; exact HD full-effect bbox/orientation/slant and candidate comparison remain HOLD; no Korean DDS; runtime UNTESTED; Q00012 C114 consumed A00102@470c786: v2 direct-inspection work-order QA PASS; 22/22 regions/payload scopes/guards accepted; 5 known bindings + 3 unresolved fail-closed semantics retained; exact decode/source masks/CLEAN_PLATE/candidate gates HOLD_STRICT_RECHECK; no DDS bytes; runtime UNTESTED
219,textures/load/spr_sprani_sumo_fe_cvt_Exst/D263B3F1_512x512.dds,localize_text,pending_artwork,transcribed_reviewed,Q00003 C00071 accepted A00061 COURSE SELECT -> 코스 선택 mapping in sprite_484; exact HD full-effect bbox/orientation/slant and candidate comparison remain HOLD; no Korean DDS; runtime UNTESTED; Q00012 C114 consumed A00102@470c786: v2 direct-inspection work-order QA PASS; 22/22 regions/payload scopes/guards accepted; 5 known bindings + 3 unresolved fail-closed semantics retained; exact decode/source masks/CLEAN_PLATE/candidate gates HOLD_STRICT_RECHECK; no DDS bytes; runtime UNTESTED
220,textures/load/spr_sprani_sumo_fe_cvt_Exst/D657C2EB_512x128.dds,localize_text,pending_artwork,transcribed_reviewed,Q00001 C103 consumed B00057@bbe1202: exact upstream identities PASS; 6/6 canonical headings across 7 atlas regions; exact semantic-to-cell/text masks pending; no Korean DDS; HOLD_STRICT_RECHECK; runtime UNTESTED
222,textures/load/spr_sprani_sumo_fe_cvt_Exst/DDF0392A_256x512.dds,localize_text,pending_artwork,transcribed_reviewed,Q00001 C103 consumed B00057@bbe1202: exact upstream identities PASS; 6/6 canonical semantics; Ferrari model/song/proper-title rows preserve-original and exact per-row localize mapping pending; no Korean DDS; HOLD_STRICT_RECHECK; runtime UNTESTED
225,textures/load/spr_sprani_sumo_fe_cvt_Exst/E3C455FA_512x256.dds,localize_text,pending_artwork,transcribed_reviewed,Q00003 C00071 accepted A00067 immutable source/atlas reconstruction input and exact stock-to-4x geometry; semantic-to-sprite/source-effect bbox remains HOLD; no Korean DDS; runtime UNTESTED; Q00011 C113 consumed A00098@b7ce5c1: v2 direct-inspection work-order QA PASS; exact scope/2px-guard arithmetic accepted; decoded semantic binding/source mask/CLEAN_PLATE/candidate gates HOLD_STRICT_RECHECK; no DDS bytes; runtime UNTESTED
226,textures/load/spr_sprani_sumo_fe_cvt_Exst/E3F4BA07_512x128.dds,localize_text,pending_artwork,transcribed_reviewed,pass11 transcription saved
227,textures/load/spr_sprani_sumo_fe_cvt_Exst/E596B7AC_512x512.dds,localize_text,pending_artwork,transcribed_reviewed,Q00004 C106 accepted A00068 immutable source/atlas reconstruction input for E596B7AC; semantic-to-sprite/full-effect/candidate gates HOLD; runtime UNTESTED; pass11 transcription saved
228,textures/load/spr_sprani_sumo_fe_cvt_Exst/E7F6E9B7_512x512.dds,localize_text,pending_artwork,transcribed_reviewed,Q00002 C104 accepted B00059 exact source identity and 13/13 menu-strip mappings; pending exact HD per-strip full-effect bbox/orientation/slant/alpha-style measurements and clean plates; no Korean DDS bytes; runtime UNTESTED
230,textures/load/spr_sprani_sumo_fe_cvt_Exst/E95DA5_512x256.dds,localize_text,pending_artwork,transcribed_reviewed,Q00003 C00071 accepted B00066 12/12 mapped canonical labels and reconciled source omissions You cannot buy this item yet -> 아직 이 아이템을 구매할 수 없습니다 / You already own this item -> 이미 보유한 아이템입니다; canonical segments now 14; exact HD candidate gates HOLD; runtime UNTESTED; Q00010 C112 consumed B00092@2d415b6: exact Release 32bpp extraction scope PASS; size/raw-coordinate/row-slice/file bounds independently verified; binary header/orientation/source-mask/CLEAN_PLATE/candidate gates HOLD_STRICT_RECHECK; runtime UNTESTED; Q00012 C114 consumed B00101@476ecf7: v2 header-gated work-order QA PASS; 37/37 batch scopes/guards and 38 physical semantics accepted; exact DDS header/source masks/CLEAN_PLATE/candidate gates HOLD_STRICT_RECHECK; no DDS bytes; runtime UNTESTED
231,textures/load/spr_sprani_sumo_fe_cvt_Exst/EBE401C8_512x256.dds,localize_text,pending_artwork,transcribed_reviewed,Q00004 C106 accepted A00068 immutable source/atlas reconstruction input for EBE401C8; semantic-to-sprite/full-effect/candidate gates HOLD; runtime UNTESTED; pass1 transcription saved
232,textures/load/spr_sprani_sumo_fe_cvt_Exst/EBFC709F_512x256.dds,localize_text,pending_artwork,transcribed_reviewed,pass1 transcription saved
236,textures/load/spr_sprani_sumo_fe_cvt_Exst/FEF70E85_512x512.dds,localize_text,pending_artwork,transcribed_reviewed,Q00003 C00071 accepted B00066 14/14 mapped course labels and reconciled REVERSED -> 역방향; canonical segments now 15; exact HD candidate gates HOLD; runtime UNTESTED; Q00010 C112 consumed B00092@2d415b6: exact Release 32bpp extraction scope PASS; size/raw-coordinate/row-slice/file bounds independently verified; binary header/orientation/source-mask/CLEAN_PLATE/candidate gates HOLD_STRICT_RECHECK; runtime UNTESTED; Q00012 C114 consumed B00101@476ecf7: v2 header-gated work-order QA PASS; 37/37 batch scopes/guards and 38 physical semantics accepted; exact DDS header/source masks/CLEAN_PLATE/candidate gates HOLD_STRICT_RECHECK; no DDS bytes; runtime UNTESTED
237,textures/load/spr_sprani_sumo_fe_cvt_Exst/FF514CEB_512x512.dds,localize_text,pending_artwork,transcribed_reviewed,Q00004 C106 accepted A00070 immutable source/atlas reconstruction input for FF514CEB; semantic-to-sprite/full-effect/candidate gates HOLD; runtime UNTESTED; pass1 transcription saved
238,textures/load/spr_sprani_sumo_loading_Exst/132A1B1F_512x512.dds,zoom_review,preserve_original,not_required,W00013 B00042+C98 zoom review resolved: OutRun 2006 Coast 2 Coast logo/branding loading artwork only; no independent localizable UI prose; preserve original
241,textures/load/spr_sprani_sumo_loading_Exst/E1639D2E_256x64.dds,localize_text,pending_artwork,transcribed_reviewed,Q00003 C00071 accepted A00061 Loading -> 로딩 mapping in sprite_3; PLEASE WAIT remains exact-HD decode HOLD; no Korean DDS; runtime UNTESTED; Q00012 C114 consumed A00102@470c786: v2 direct-inspection work-order QA PASS; 22/22 regions/payload scopes/guards accepted; 5 known bindings + 3 unresolved fail-closed semantics retained; exact decode/source masks/CLEAN_PLATE/candidate gates HOLD_STRICT_RECHECK; no DDS bytes; runtime UNTESTED
