id,screenshot,screen,priority,domain,owner_lane,queue_index,asset_path,mapping_status,defect_tags,required_fix,status,close_gate
IGR-001,스크린샷(143).png,SINGLE_PLAY_C2C_INTRO,P1,MIXED,A,,,UNRESOLVED,LOW_RES_FONT|STYLE_INCONSISTENCY|HIERARCHY_MISMATCH,Map exact DDS/runtime sources; rebuild title/subtitle/bottom selector from native-resolution source; unify source-faithful style and spacing.,OPEN_USER_INGAME_FAIL,STATIC_PASS + NEW_INGAME_RETEST
IGR-002,스크린샷(144).png,HEART_ATTACK_INTRO,P1,MIXED,B,,,UNRESOLVED,LOW_RES_FONT|STYLE_INCONSISTENCY|HIERARCHY_MISMATCH,Map exact sources; rebuild intro-screen text with same native-resolution template as IGR-001; preserve source hierarchy.,OPEN_USER_INGAME_FAIL,STATIC_PASS + NEW_INGAME_RETEST
IGR-003,스크린샷(145).png,SHOWROOM_MAIN,P1,MIXED,A,,,UNRESOLVED,LOW_RES_FONT|BASELINE_MISMATCH|STYLE_INCONSISTENCY,Map header/list/body sources; remove mixed-resolution text; normalize baseline/weight without touching artwork.,OPEN_USER_INGAME_FAIL,STATIC_PASS + NEW_INGAME_RETEST
IGR-004,스크린샷(146).png,GOAL_SELECT,P1,MIXED,B,,,UNRESOLVED,LOW_RES_FONT|ALIGNMENT_MISMATCH|MIXED_LANGUAGE_LAYOUT,Map goal-list and header sources; rebuild small labels at native resolution; keep protected English/model art per policy.,OPEN_USER_INGAME_FAIL,STATIC_PASS + NEW_INGAME_RETEST
IGR-005,스크린샷(147).png,CAR_SELECT_TRANSMISSION_MODAL,P0,MIXED,B,106,textures/load/spr_sprani_selector_cvt_Exst/788CE557_512x256.dds,SUSPECTED,LOW_RES_FONT|LAYER_COLLISION|STYLE_INCONSISTENCY,B163 confirms and repairs the 788CE557 graphics portion (both Transmission states) at native resolution. Exact modal/runtime split remains unresolved because this row is MIXED; trace the remaining runtime/modal source before closure.,OPEN_USER_INGAME_FAIL,STATIC_PASS + NEW_INGAME_RETEST
IGR-006,스크린샷(148).png,INGAME_HUD_CITY_START,P1,RUNTIME_TEXT,B,,,UNRESOLVED,LOW_RES_FONT|HUD_WEIGHT_MISMATCH|READABILITY,Trace runtime text IDs/draw path; fix only localization runtime/text path if confirmed; enforce HUD minimum readable weight/outline.,OPEN_USER_INGAME_FAIL,BUILD_PASS + NEW_INGAME_RETEST
IGR-007,스크린샷(149).png,HEART_ATTACK_SPEECH_BUBBLE,P1,RUNTIME_TEXT,B,,,UNRESOLVED,LOW_RES_FONT|READABILITY|OUTLINE_TOO_WEAK,Trace runtime text/bubble draw path; increase source-faithful readability without expanding original allowed region.,OPEN_USER_INGAME_FAIL,BUILD_PASS + NEW_INGAME_RETEST
IGR-008,스크린샷(150).png,RANK_B_POPUP,P0,MIXED,A,49,textures/load/spr_sprani_etc_cvt_Exst/BF3EE5C6_512x512.dds,GRAPHICS_EXACT_RUNTIME_UNRESOLVED,BROKEN_GLYPH|LOW_RES_FONT|STYLE_MISMATCH,A82 BF3 Rank graphics portion 3d5d132b8aada285bd6efebdb2d8cd9dd3f6625f2f8b4ca26420cd26712efb37 static self-QA PASS; A-E badge-grade art preserved source-exact. MIXED runtime/modal source split remains unresolved and must be traced before closure; independent C static QA and NEW actual in-game retest also required.,OPEN_USER_INGAME_FAIL,STATIC_PASS + NEW_INGAME_RETEST
IGR-009,스크린샷(152).png,SLIPSTREAM_EFFECT,P1,GRAPHICS,B,48,textures/load/spr_sprani_etc_cvt_Exst/B1696633_512x512.dds,EXACT_HIGH_CONFIDENCE,LOW_RES_FONT|EFFECT_STYLE_MISMATCH|READABILITY,Reopen prior static PASS; regenerate Slipstream lettering/effect at native resolution with source streak/glow preserved; no upscale.,OPEN_USER_INGAME_FAIL,C_STATIC_PASS + NEW_INGAME_RETEST
IGR-010,스크린샷(153).png,STAGE_HEART_TALLY_OVERLAY,P1,MIXED,B,,,UNRESOLVED,LOW_RES_FONT|HUD_HIERARCHY_MISMATCH|READABILITY,Map tally/title sources; separate runtime and DDS defects; normalize source-relative outline/weight and spacing.,OPEN_USER_INGAME_FAIL,STATIC_OR_BUILD_PASS + NEW_INGAME_RETEST
IGR-011,스크린샷(156).png,RANK_C_POPUP,P1,MIXED,A,49,textures/load/spr_sprani_etc_cvt_Exst/BF3EE5C6_512x512.dds,GRAPHICS_EXACT_RUNTIME_UNRESOLVED,LOW_RES_FONT|STYLE_MISMATCH|ALIGNMENT_MISMATCH,A82 BF3 Rank graphics portion 3d5d132b8aada285bd6efebdb2d8cd9dd3f6625f2f8b4ca26420cd26712efb37 static self-QA PASS; A-E badge-grade art preserved source-exact. MIXED runtime/modal source split remains unresolved and must be traced before closure; independent C static QA and NEW actual in-game retest also required.,OPEN_USER_INGAME_FAIL,STATIC_PASS + NEW_INGAME_RETEST
IGR-012,스크린샷(157).png,START_OUTRUN_MILES_BANNER,P0,MIXED,A,63,textures/load/spr_sprani_loading_cvt_Exst/48DEBE77_512x512.dds,EXACT_HIGH_CONFIDENCE_MULTI_ASSET,TEXT_OVERLAP|OTHER_IMAGE_INTRUSION|BASELINE_MISMATCH|BROKEN_LAYOUT,"A85 graphics repair static self-QA PASS: primary index60 A064FDFC a2785ce88703b9997b1a80b9e7cc624508463fd62671d3dc920d41d78444785f OUTRUN MILES x2 + secondary index63 48DEBE77 a6161cfaedb9ab83c311b3aa78cf3ae3e18ca333fc52e1e31a8d6055e21797ea START x2/GOAL. Dynamic numeric meter is protected runtime content, not edited localization text. Independent C static QA + NEW actual in-game retest required before closure.",A85_STATIC_PASS_PENDING_C_AND_INGAME_RETEST,C_STATIC_PASS + NEW_INGAME_RETEST
IGR-013,스크린샷(158).png,C2C_BRACKET_SCREEN,P1,MIXED,A,,,UNRESOLVED,LOW_RES_FONT|TRANSLITERATION_REVIEW|STYLE_INCONSISTENCY,Map bracket/location sources; apply canonical naming policy; rebuild low-resolution labels without touching character/bracket art.,OPEN_USER_INGAME_FAIL,STATIC_PASS + NEW_INGAME_RETEST
IGR-014,스크린샷(137).png,GAME_MODE_15_CONTINUOUS_RED,P0,GRAPHICS,A,95,textures/load/spr_sprani_selector_cvt_Exst/37759842_1024x1024.dds,EXACT_HIGH_CONFIDENCE,SOURCE_RESIDUE|TEXT_OVERLAP|OTHER_IMAGE_INTRUSION|BAD_SLANT|BROKEN_LAYOUT,C221 static QA PASS on A83 transform repair; source-left alignment + 0.24 shear + line cadence + containment/protected/residue gates passed; NEW actual in-game retest required before closure.,C_STATIC_PASS_PENDING_INGAME_RETEST,C_STATIC_PASS + NEW_INGAME_RETEST
IGR-015,스크린샷(138).png,TIME_ATTACK_MODE_BLUE,P0,GRAPHICS,A,95,textures/load/spr_sprani_selector_cvt_Exst/37759842_1024x1024.dds,EXACT_HIGH_CONFIDENCE,SOURCE_RESIDUE|TEXT_OVERLAP|BAD_SLANT|MIXED_LANGUAGE_LAYOUT,C221 static QA PASS on A83 transform repair; source-left alignment + 0.24 shear + line cadence + containment/protected/residue gates passed; NEW actual in-game retest required before closure.,C_STATIC_PASS_PENDING_INGAME_RETEST,C_STATIC_PASS + NEW_INGAME_RETEST
IGR-016,스크린샷(139).png,OUTRUN_MODE_BLUE,P0,GRAPHICS,A,95,textures/load/spr_sprani_selector_cvt_Exst/37759842_1024x1024.dds,EXACT_HIGH_CONFIDENCE,SOURCE_RESIDUE|TEXT_OVERLAP|BAD_SLANT|BROKEN_LAYOUT,C221 static QA PASS on A83 transform repair; source-left alignment + 0.24 shear + line cadence + containment/protected/residue gates passed; NEW actual in-game retest required before closure.,C_STATIC_PASS_PENDING_INGAME_RETEST,C_STATIC_PASS + NEW_INGAME_RETEST
IGR-017,스크린샷(140).png,TRANSMISSION_GREEN,P0,GRAPHICS,B,106,textures/load/spr_sprani_selector_cvt_Exst/788CE557_512x256.dds,EXACT_HIGH_CONFIDENCE,SOURCE_RESIDUE|TEXT_OVERLAP|LOW_RES_FONT|BAD_SLANT|BROKEN_GLYPH,"B163 rebuilt exact-HD For Experts + both Transmission states + Music Change + Time remaining with source slant/alignment, zero residue/overlap and OutRun2SP protected. Independent C static QA then NEW in-game retest required; do not close from static evidence.",B_STATIC_PASS_PENDING_C_AND_INGAME_RETEST,C_STATIC_PASS + NEW_INGAME_RETEST
IGR-018,스크린샷(141).png,CAR_SELECT_BLUE,P1,MIXED,A,,,UNRESOLVED,SOURCE_RESIDUE|LOW_RES_FONT|HEADER_GHOST|STYLE_INCONSISTENCY,Map header/card/runtime sources; remove ghosted title layers; preserve vehicle/model names and card art; use native-resolution text only.,OPEN_USER_INGAME_FAIL,STATIC_PASS + NEW_INGAME_RETEST
IGR-019,스크린샷(142).png,MULTIPLAYER_INTRO,P1,MIXED,B,,,UNRESOLVED,LOW_RES_FONT|STYLE_INCONSISTENCY|HIERARCHY_MISMATCH,Map intro-screen sources; apply same corrected intro template as IGR-001/002; preserve protected online/brand labels.,OPEN_USER_INGAME_FAIL,STATIC_PASS + NEW_INGAME_RETEST
