index,path,text_detected,action,review_status,notes
0,textures/load/cs_BK_SUMOEND_pmt/62C765F5_256x64.dds,no,no_localization,visual_reviewed,
1,textures/load/cs_BK_SUMOEND_pmt/659156B6_256x256.dds,no,no_localization,visual_reviewed,
2,textures/load/cs_BK_SUMOEND_pmt/8FF02307_256x64.dds,no,no_localization,visual_reviewed,
3,textures/load/cs_BK_SUMOEND_pmt/B2E612E8_256x64.dds,no,no_localization,visual_reviewed,
4,textures/load/spr_etc_xst/150E5A1E_128x64.dds,no,no_localization,visual_reviewed,
5,textures/load/spr_etc_xst/1E674263_128x128.dds,no,no_localization,visual_reviewed,
6,textures/load/spr_etc_xst/28CC276C_128x64.dds,yes,localize_text,visual_reviewed,
7,textures/load/spr_etc_xst/3181CDE7_128x64.dds,yes,localize_text,visual_reviewed,
8,textures/load/spr_etc_xst/34C6562D_128x256.dds,no,no_localization,visual_reviewed,
9,textures/load/spr_etc_xst/64F36800_128x128.dds,no,no_localization,visual_reviewed,
10,textures/load/spr_etc_xst/94EF7373_256x256.dds,no,no_localization,visual_reviewed,
11,textures/load/spr_etc_xst/CB242568_128x64.dds,no,no_localization,visual_reviewed,
12,textures/load/spr_etc_xst/D6DC1380_256x64.dds,yes,localize_text,visual_reviewed,
13,textures/load/spr_etc_xst/DA9F8A34_128x128.dds,no,no_localization,visual_reviewed,
14,textures/load/spr_etc_xst/E703D12B_256x256.dds,no,no_localization,visual_reviewed,
15,textures/load/spr_font_xst/20389D70_512x256.dds,glyph_atlas,font_pipeline,visual_reviewed,
16,textures/load/spr_font_xst/23DDB6EC_512x512.dds,glyph_atlas,font_pipeline,visual_reviewed,
17,textures/load/spr_font_xst/6B8ED9DA_256x128.dds,glyph_atlas,font_pipeline,visual_reviewed,
18,textures/load/spr_font_xst/7B65A191_256x128.dds,glyph_atlas,font_pipeline,visual_reviewed,
19,textures/load/spr_font_xst/B3ED3652_512x256.dds,glyph_atlas,font_pipeline,visual_reviewed,
20,textures/load/spr_font_xst/B7EEB2D9_256x128.dds,glyph_atlas,font_pipeline,visual_reviewed,
21,textures/load/spr_font_xst/D7CE8BC3_512x256.dds,glyph_atlas,font_pipeline,visual_reviewed,
22,textures/load/spr_font_xst/E86D77E8_256x128.dds,glyph_atlas,font_pipeline,visual_reviewed,
23,textures/load/spr_font_xst/FDC6BAD7_512x128.dds,glyph_atlas,font_pipeline,visual_reviewed,
24,textures/load/spr_name_entry_xst/66743AA8_1024x1024.dds,glyph_atlas,hangul_name_entry,visual_reviewed,
25,textures/load/spr_sprani_CLAR_RANK_Exst/4AFC1BED_512x512.dds,maybe,zoom_review,visual_reviewed,
26,textures/load/spr_sprani_CLAR_RANK_Exst/63C91067_512x512.dds,maybe,zoom_review,visual_reviewed,
27,textures/load/spr_sprani_CLAR_RANK_Exst/8B52FEEC_1024x512.dds,maybe,zoom_review,visual_reviewed,
28,textures/load/spr_sprani_CLAR_RANK_Exst/A05BF610_512x512.dds,maybe,zoom_review,visual_reviewed,
29,textures/load/spr_sprani_CLAR_RANK_Exst/F043316B_1024x512.dds,maybe,zoom_review,visual_reviewed,
30,textures/load/spr_sprani_FLAG_RANK_Exst/8215FD25_1024x512.dds,maybe,zoom_review,visual_reviewed,
31,textures/load/spr_sprani_FLAG_RANK_Exst/A82266FC_1024x512.dds,maybe,zoom_review,visual_reviewed,
32,textures/load/spr_sprani_FLAG_RANK_Exst/DCC7B488_512x256.dds,maybe,zoom_review,visual_reviewed,
33,textures/load/spr_sprani_FLAG_RANK_Exst/FBCAB18D_1024x512.dds,maybe,zoom_review,visual_reviewed,
34,textures/load/spr_sprani_HOLL_RANK_Exst/B7E25BAD_1024x512.dds,maybe,zoom_review,visual_reviewed,
35,textures/load/spr_sprani_HOLL_RANK_Exst/E989E3B7_1024x1024.dds,maybe,zoom_review,visual_reviewed,
36,textures/load/spr_sprani_JENN_RANK_Exst/06AB5CEE_1024x1024.dds,maybe,zoom_review,visual_reviewed,
37,textures/load/spr_sprani_JENN_RANK_Exst/515DCBB2_1024x1024.dds,maybe,zoom_review,visual_reviewed,
38,textures/load/spr_sprani_JENN_RANK_Exst/6AB5CEE_1024x1024.dds,maybe,zoom_review,visual_reviewed,
39,textures/load/spr_sprani_common_cvt_xst/110B6849_256x256.dds,no,no_localization,visual_reviewed,
40,textures/load/spr_sprani_common_cvt_xst/16729EC5_128x64.dds,no,no_localization,visual_reviewed,
41,textures/load/spr_sprani_common_cvt_xst/553BF480_128x128.dds,no,no_localization,visual_reviewed,
42,textures/load/spr_sprani_common_cvt_xst/8DD870A0_512x512.dds,no,no_localization,visual_reviewed,
43,textures/load/spr_sprani_congrats_cvt_Exst/455717B2_512x512.dds,yes,localize_text,visual_reviewed,
44,textures/load/spr_sprani_etc_cvt_Exst/19CEDB9_512x512.dds,yes,localize_text,visual_reviewed,
45,textures/load/spr_sprani_etc_cvt_Exst/1F77CB88_128x128.dds,maybe,zoom_review,visual_reviewed,
46,textures/load/spr_sprani_etc_cvt_Exst/AA04D779_512x512.dds,yes,localize_text,visual_reviewed,
47,textures/load/spr_sprani_etc_cvt_Exst/AD720950_1024x256.dds,yes,localize_text,visual_reviewed,
48,textures/load/spr_sprani_etc_cvt_Exst/B1696633_512x512.dds,yes,localize_text,visual_reviewed,
49,textures/load/spr_sprani_etc_cvt_Exst/BF3EE5C6_512x512.dds,yes,localize_text,visual_reviewed,
50,textures/load/spr_sprani_etc_cvt_Exst/CBF8ECBF_1024x512.dds,yes,localize_text,visual_reviewed,
51,textures/load/spr_sprani_etc_cvt_Exst/FF2462BB_1024x512.dds,yes,localize_text,visual_reviewed,
52,textures/load/spr_sprani_fight_Exst/A8CE339F_512x256.dds,maybe,zoom_review,visual_reviewed,
53,textures/load/spr_sprani_fruity_cvt_Exst/568D3696_1024x1024.dds,yes,localize_text,visual_reviewed,
54,textures/load/spr_sprani_fruity_cvt_Exst/FA7BBB13_1024x512.dds,yes,localize_text,visual_reviewed,
55,textures/load/spr_sprani_game_cvt_Exst/2EA557B4_512x64.dds,yes,localize_text,visual_reviewed,
56,textures/load/spr_sprani_game_cvt_Exst/36895E6C_256x512.dds,no,no_localization,visual_reviewed,
57,textures/load/spr_sprani_game_cvt_Exst/39229D64_1024x1024.dds,yes,localize_text,visual_reviewed,
58,textures/load/spr_sprani_game_cvt_Exst/78C4EB6B_128x128.dds,no,no_localization,visual_reviewed,
59,textures/load/spr_sprani_game_cvt_Exst/7CE1CFC5_512x128.dds,yes,localize_text,visual_reviewed,
60,textures/load/spr_sprani_game_cvt_Exst/A064FDFC_1024x512.dds,yes,localize_text,visual_reviewed,
61,textures/load/spr_sprani_game_cvt_Exst/C4A2937B_1024x1024.dds,yes,localize_text,visual_reviewed,
62,textures/load/spr_sprani_loading_cvt_Exst/33491F83_512x256.dds,maybe,zoom_review,visual_reviewed,
63,textures/load/spr_sprani_loading_cvt_Exst/48DEBE77_512x512.dds,yes,localize_text,visual_reviewed,
64,textures/load/spr_sprani_loading_cvt_Exst/4E9FE840_32x512.dds,no,no_localization,visual_reviewed,
65,textures/load/spr_sprani_loading_cvt_Exst/EBEF6D20_512x512.dds,yes,localize_text,visual_reviewed,
66,textures/load/spr_sprani_meter_246gts_xst/8C5703DB_16x128.dds,no,no_localization,visual_reviewed,
67,textures/load/spr_sprani_meter_246gts_xst/FDFBF3EF_128x128.dds,no,no_localization,visual_reviewed,
68,textures/load/spr_sprani_meter_250gto_xst/20AD5E31_128x128.dds,no,no_localization,visual_reviewed,
69,textures/load/spr_sprani_meter_250gto_xst/8C5703DB_16x128.dds,no,no_localization,visual_reviewed,
70,textures/load/spr_sprani_meter_288gts_xst/8C5703DB_16x128.dds,no,no_localization,visual_reviewed,
71,textures/load/spr_sprani_meter_288gts_xst/A0052140_128x128.dds,no,no_localization,visual_reviewed,
72,textures/load/spr_sprani_meter_360_xst/8C5703DB_16x128.dds,no,no_localization,visual_reviewed,
73,textures/load/spr_sprani_meter_360_xst/BFC0209C_128x128.dds,no,no_localization,visual_reviewed,
74,textures/load/spr_sprani_meter_365gts_xst/8C5703DB_16x128.dds,no,no_localization,visual_reviewed,
75,textures/load/spr_sprani_meter_365gts_xst/B3F8B690_128x128.dds,no,no_localization,visual_reviewed,
76,textures/load/spr_sprani_meter_512bb_xst/8C5703DB_16x128.dds,no,no_localization,visual_reviewed,
77,textures/load/spr_sprani_meter_512bb_xst/F7F2DB14_128x128.dds,no,no_localization,visual_reviewed,
78,textures/load/spr_sprani_meter_f40_xst/8C5703DB_16x128.dds,no,no_localization,visual_reviewed,
79,textures/load/spr_sprani_meter_f40_xst/A2AA1243_128x128.dds,no,no_localization,visual_reviewed,
80,textures/load/spr_sprani_meter_f50_xst/8C5703DB_16x128.dds,no,no_localization,visual_reviewed,
81,textures/load/spr_sprani_meter_f50_xst/A2721BAF_128x128.dds,no,no_localization,visual_reviewed,
82,textures/load/spr_sprani_meter_fx_xst/47C5F466_128x128.dds,no,no_localization,visual_reviewed,
83,textures/load/spr_sprani_meter_fx_xst/8C5703DB_16x128.dds,no,no_localization,visual_reviewed,
84,textures/load/spr_sprani_meter_testa_xst/1C5326FF_128x128.dds,no,no_localization,visual_reviewed,
85,textures/load/spr_sprani_meter_testa_xst/8C5703DB_16x128.dds,no,no_localization,visual_reviewed,
86,textures/load/spr_sprani_ranking_cvt_Exst/C598919A_1024x1024.dds,yes,localize_text,visual_reviewed,
87,textures/load/spr_sprani_route_cvt_Exst/12F109E3_32x256.dds,no,no_localization,visual_reviewed,
88,textures/load/spr_sprani_route_cvt_Exst/415BC49F_64x64.dds,no,no_localization,visual_reviewed,
89,textures/load/spr_sprani_route_cvt_Exst/43B07A77_512x64.dds,yes,localize_text,visual_reviewed,
90,textures/load/spr_sprani_route_cvt_Exst/688343E7_512x512.dds,no,no_localization,visual_reviewed,
91,textures/load/spr_sprani_selector_cvt_Exst/12CE418E_256x64.dds,yes_preserve,preserve_brand_song_credit,visual_reviewed,
92,textures/load/spr_sprani_selector_cvt_Exst/1A43E9D9_512x64.dds,yes,localize_text,visual_reviewed,
93,textures/load/spr_sprani_selector_cvt_Exst/242309DA_128x512.dds,no,no_localization,visual_reviewed,
94,textures/load/spr_sprani_selector_cvt_Exst/2DA43E41_1024x1024.dds,yes,localize_text,visual_reviewed,
95,textures/load/spr_sprani_selector_cvt_Exst/37759842_1024x1024.dds,yes,localize_text,visual_reviewed,
96,textures/load/spr_sprani_selector_cvt_Exst/38F794DB_512x64.dds,yes,localize_text,visual_reviewed,
97,textures/load/spr_sprani_selector_cvt_Exst/411827E_512x512.dds,yes,localize_text,visual_reviewed,
98,textures/load/spr_sprani_selector_cvt_Exst/42E618FD_512x32.dds,yes,localize_text,visual_reviewed,
99,textures/load/spr_sprani_selector_cvt_Exst/4F68708E_512x64.dds,yes,localize_text,visual_reviewed,
100,textures/load/spr_sprani_selector_cvt_Exst/53CE39D5_512x512.dds,yes,localize_text,visual_reviewed,
101,textures/load/spr_sprani_selector_cvt_Exst/560FA536_1024x1024.dds,yes,localize_text,visual_reviewed,
102,textures/load/spr_sprani_selector_cvt_Exst/571E78F3_512x64.dds,yes,localize_text,visual_reviewed,
103,textures/load/spr_sprani_selector_cvt_Exst/590A4724_512x512.dds,maybe,zoom_review,visual_reviewed,
104,textures/load/spr_sprani_selector_cvt_Exst/62BEBF33_512x64.dds,yes,localize_text,visual_reviewed,
105,textures/load/spr_sprani_selector_cvt_Exst/710CF7E0_256x64.dds,yes_preserve,preserve_brand_song_credit,visual_reviewed,
106,textures/load/spr_sprani_selector_cvt_Exst/788CE557_512x256.dds,yes,localize_text,visual_reviewed,
107,textures/load/spr_sprani_selector_cvt_Exst/841E796B_512x128.dds,yes,localize_text,visual_reviewed,
108,textures/load/spr_sprani_selector_cvt_Exst/8D302CA6_128x64.dds,yes_preserve,preserve_brand_song_credit,visual_reviewed,
109,textures/load/spr_sprani_selector_cvt_Exst/A4326596_128x64.dds,yes_preserve,preserve_brand_song_credit,visual_reviewed,
110,textures/load/spr_sprani_selector_cvt_Exst/AEE85898_256x64.dds,yes_preserve,preserve_brand_song_credit,visual_reviewed,
111,textures/load/spr_sprani_selector_cvt_Exst/C075FB49_512x512.dds,yes,localize_text,visual_reviewed,
112,textures/load/spr_sprani_selector_cvt_Exst/D41D0B1_512x64.dds,yes,localize_text,visual_reviewed,
113,textures/load/spr_sprani_selector_cvt_Exst/D46BEC10_256x64.dds,yes_preserve,preserve_brand_song_credit,visual_reviewed,
114,textures/load/spr_sprani_selector_cvt_Exst/DD5134F9_256x64.dds,yes_preserve,preserve_brand_song_credit,visual_reviewed,
115,textures/load/spr_sprani_selector_cvt_Exst/E31BB4C3_128x512.dds,no,no_localization,visual_reviewed,
116,textures/load/spr_sprani_selector_cvt_Exst/E3FD08BE_512x64.dds,yes,localize_text,visual_reviewed,
117,textures/load/spr_sprani_selector_cvt_Exst/F0EA5CFA_512x64.dds,yes_preserve,preserve_brand_song_credit,visual_reviewed,
118,textures/load/spr_sprani_selector_cvt_Exst/F3E86087_256x64.dds,yes_preserve,preserve_brand_song_credit,visual_reviewed,
119,textures/load/spr_sprani_selector_cvt_Exst/F6811E94_512x64.dds,yes,localize_text,visual_reviewed,
120,textures/load/spr_sprani_selector_cvt_Exst/FD5FE04B_256x64.dds,yes_preserve,preserve_brand_song_credit,visual_reviewed,
121,textures/load/spr_sprani_selector_cvt_Exst/FD90AA9_1024x1024.dds,yes,localize_text,visual_reviewed,
122,textures/load/spr_sprani_splash_cvt_xst/549D375_512x256.dds,yes,localize_text,visual_reviewed,
123,textures/load/spr_sprani_splash_cvt_xst/5E9B06_256x64.dds,yes_preserve,preserve_brand_song_credit,visual_reviewed,
124,textures/load/spr_sprani_staffroll_cvt_xst/5A215D6E_1024x256.dds,yes_preserve,preserve_brand_song_credit,visual_reviewed,
125,textures/load/spr_sprani_staffroll_cvt_xst/BD39D0F4_1024x1024.dds,yes_preserve,preserve_brand_song_credit,visual_reviewed,
126,textures/load/spr_sprani_staffroll_cvt_xst/CB1E842D_1024x1024.dds,yes_preserve,preserve_brand_song_credit,visual_reviewed,
127,textures/load/spr_sprani_sumo_fe_cvt_Exst/110F30F6_1024x256.dds,no,no_localization,visual_reviewed,
128,textures/load/spr_sprani_sumo_fe_cvt_Exst/12519155_256x256.dds,yes,localize_text,visual_reviewed,
129,textures/load/spr_sprani_sumo_fe_cvt_Exst/13D562F8_1024x512.dds,no,no_localization,visual_reviewed,
130,textures/load/spr_sprani_sumo_fe_cvt_Exst/1762489B_512x128.dds,yes,localize_text,visual_reviewed,
131,textures/load/spr_sprani_sumo_fe_cvt_Exst/18BC9B28_256x256.dds,no,no_localization,visual_reviewed,
132,textures/load/spr_sprani_sumo_fe_cvt_Exst/1F5FE6E9_1024x512.dds,yes,localize_text,visual_reviewed,
133,textures/load/spr_sprani_sumo_fe_cvt_Exst/25F697C6_512x512.dds,yes,localize_text,visual_reviewed,
134,textures/load/spr_sprani_sumo_fe_cvt_Exst/271587D3_512x256.dds,yes_preserve,preserve_brand_song_credit,visual_reviewed,
135,textures/load/spr_sprani_sumo_fe_cvt_Exst/2B0863D6_512x64.dds,yes,localize_text,visual_reviewed,
136,textures/load/spr_sprani_sumo_fe_cvt_Exst/2B785F6A_512x512.dds,maybe,zoom_review,visual_reviewed,
137,textures/load/spr_sprani_sumo_fe_cvt_Exst/30CF0D_512x256.dds,yes,localize_text,visual_reviewed,
138,textures/load/spr_sprani_sumo_fe_cvt_Exst/30F6DAD5_512x512.dds,yes_preserve,preserve_brand_song_credit,visual_reviewed,
139,textures/load/spr_sprani_sumo_fe_cvt_Exst/313DB8CB_512x256.dds,yes,localize_text,visual_reviewed,
140,textures/load/spr_sprani_sumo_fe_cvt_Exst/31C58963_512x256.dds,yes,localize_text,visual_reviewed,
141,textures/load/spr_sprani_sumo_fe_cvt_Exst/320F610B_64x32.dds,yes_preserve,preserve_brand_song_credit,visual_reviewed,
142,textures/load/spr_sprani_sumo_fe_cvt_Exst/32D5B6B3_32x32.dds,no,no_localization,visual_reviewed,
143,textures/load/spr_sprani_sumo_fe_cvt_Exst/34923C8A_512x128.dds,yes,localize_text,visual_reviewed,
144,textures/load/spr_sprani_sumo_fe_cvt_Exst/35361191_512x512.dds,maybe,zoom_review,visual_reviewed,
145,textures/load/spr_sprani_sumo_fe_cvt_Exst/37D54CA4_512x512.dds,yes_preserve,preserve_brand_song_credit,visual_reviewed,
146,textures/load/spr_sprani_sumo_fe_cvt_Exst/39018963_512x256.dds,maybe,zoom_review,visual_reviewed,
147,textures/load/spr_sprani_sumo_fe_cvt_Exst/39BCA907_512x256.dds,yes,localize_text,visual_reviewed,
148,textures/load/spr_sprani_sumo_fe_cvt_Exst/3AE1BB60_256x256.dds,maybe,zoom_review,visual_reviewed,
149,textures/load/spr_sprani_sumo_fe_cvt_Exst/3FF19FF7_512x128.dds,yes_preserve,preserve_brand_song_credit,visual_reviewed,
150,textures/load/spr_sprani_sumo_fe_cvt_Exst/40A4D914_256x128.dds,maybe,zoom_review,visual_reviewed,
151,textures/load/spr_sprani_sumo_fe_cvt_Exst/4668C688_512x512.dds,maybe,zoom_review,visual_reviewed,
152,textures/load/spr_sprani_sumo_fe_cvt_Exst/49BB5FE5_128x32.dds,yes,localize_text,visual_reviewed,
153,textures/load/spr_sprani_sumo_fe_cvt_Exst/4C972A19_512x512.dds,maybe,zoom_review,visual_reviewed,
154,textures/load/spr_sprani_sumo_fe_cvt_Exst/4D38BBB0_1024x256.dds,yes,localize_text,visual_reviewed,
155,textures/load/spr_sprani_sumo_fe_cvt_Exst/4D49CA85_512x256.dds,maybe,zoom_review,visual_reviewed,
156,textures/load/spr_sprani_sumo_fe_cvt_Exst/4DC09A74_1024x1024.dds,no,no_localization,visual_reviewed,
157,textures/load/spr_sprani_sumo_fe_cvt_Exst/4DF4D7CD_512x512.dds,maybe,zoom_review,visual_reviewed,
158,textures/load/spr_sprani_sumo_fe_cvt_Exst/4EA333E1_256x128.dds,no,no_localization,visual_reviewed,
159,textures/load/spr_sprani_sumo_fe_cvt_Exst/4EDA9DE3_512x256.dds,yes,localize_text,visual_reviewed,
160,textures/load/spr_sprani_sumo_fe_cvt_Exst/502A4363_1024x256.dds,no,no_localization,visual_reviewed,
161,textures/load/spr_sprani_sumo_fe_cvt_Exst/55B57CDE_512x512.dds,yes,localize_text,visual_reviewed,
162,textures/load/spr_sprani_sumo_fe_cvt_Exst/5799E10E_128x64.dds,yes_preserve,preserve_brand_song_credit,visual_reviewed,
163,textures/load/spr_sprani_sumo_fe_cvt_Exst/59A79158_256x512.dds,yes,localize_text,visual_reviewed,
164,textures/load/spr_sprani_sumo_fe_cvt_Exst/5B65E08C_512x256.dds,yes,localize_text,visual_reviewed,
165,textures/load/spr_sprani_sumo_fe_cvt_Exst/5C98F2_512x512.dds,maybe,zoom_review,visual_reviewed,
166,textures/load/spr_sprani_sumo_fe_cvt_Exst/5EBD7FE8_1024x1024.dds,maybe,zoom_review,visual_reviewed,
167,textures/load/spr_sprani_sumo_fe_cvt_Exst/616FC97B_512x128.dds,no,no_localization,visual_reviewed,
168,textures/load/spr_sprani_sumo_fe_cvt_Exst/633929F3_1024x512.dds,yes_preserve,preserve_brand_song_credit,visual_reviewed,
169,textures/load/spr_sprani_sumo_fe_cvt_Exst/638F38C0_512x256.dds,maybe,zoom_review,visual_reviewed,
170,textures/load/spr_sprani_sumo_fe_cvt_Exst/642D0939_512x512.dds,no,no_localization,visual_reviewed,
171,textures/load/spr_sprani_sumo_fe_cvt_Exst/67CE2848_512x256.dds,maybe,zoom_review,visual_reviewed,
172,textures/load/spr_sprani_sumo_fe_cvt_Exst/6C9B3611_256x256.dds,maybe,zoom_review,visual_reviewed,
173,textures/load/spr_sprani_sumo_fe_cvt_Exst/6DC89C6E_512x512.dds,yes,localize_text,visual_reviewed,
174,textures/load/spr_sprani_sumo_fe_cvt_Exst/73F852A4_512x512.dds,maybe,zoom_review,visual_reviewed,
175,textures/load/spr_sprani_sumo_fe_cvt_Exst/754F0599_512x256.dds,yes,localize_text,visual_reviewed,
176,textures/load/spr_sprani_sumo_fe_cvt_Exst/75C3586A_512x512.dds,yes,localize_text,visual_reviewed,
177,textures/load/spr_sprani_sumo_fe_cvt_Exst/7978907D_512x128.dds,maybe,zoom_review,visual_reviewed,
178,textures/load/spr_sprani_sumo_fe_cvt_Exst/798A1E_1024x256.dds,maybe,zoom_review,visual_reviewed,
179,textures/load/spr_sprani_sumo_fe_cvt_Exst/7A0DE345_256x256.dds,no,no_localization,visual_reviewed,
180,textures/load/spr_sprani_sumo_fe_cvt_Exst/7ABD5110_1024x256.dds,maybe,zoom_review,visual_reviewed,
181,textures/load/spr_sprani_sumo_fe_cvt_Exst/7B15E0D_256x256.dds,no,no_localization,visual_reviewed,
182,textures/load/spr_sprani_sumo_fe_cvt_Exst/7D747BED_512x128.dds,yes,localize_text,visual_reviewed,
183,textures/load/spr_sprani_sumo_fe_cvt_Exst/7F633EBA_512x128.dds,yes_preserve,preserve_brand_song_credit,visual_reviewed,
184,textures/load/spr_sprani_sumo_fe_cvt_Exst/845C3D8B_1024x512.dds,yes_preserve,preserve_brand_song_credit,visual_reviewed,
185,textures/load/spr_sprani_sumo_fe_cvt_Exst/8879509C_512x32.dds,yes_preserve,preserve_brand_song_credit,visual_reviewed,
186,textures/load/spr_sprani_sumo_fe_cvt_Exst/897570A3_512x128.dds,yes_preserve,preserve_brand_song_credit,visual_reviewed,
187,textures/load/spr_sprani_sumo_fe_cvt_Exst/8A71F156_256x64.dds,yes_preserve,preserve_brand_song_credit,visual_reviewed,
188,textures/load/spr_sprani_sumo_fe_cvt_Exst/8C259C68_512x512.dds,yes,localize_text,visual_reviewed,
189,textures/load/spr_sprani_sumo_fe_cvt_Exst/8C9E91F8_512x512.dds,maybe,zoom_review,visual_reviewed,
190,textures/load/spr_sprani_sumo_fe_cvt_Exst/9459C3F3_256x256.dds,no,no_localization,visual_reviewed,
191,textures/load/spr_sprani_sumo_fe_cvt_Exst/94BB6271_512x256.dds,maybe,zoom_review,visual_reviewed,
192,textures/load/spr_sprani_sumo_fe_cvt_Exst/96F4DFEE_256x128.dds,yes_preserve,preserve_brand_song_credit,visual_reviewed,
193,textures/load/spr_sprani_sumo_fe_cvt_Exst/97E863AD_512x256.dds,yes,localize_text,visual_reviewed,
194,textures/load/spr_sprani_sumo_fe_cvt_Exst/9AC75730_512x512.dds,maybe,zoom_review,visual_reviewed,
195,textures/load/spr_sprani_sumo_fe_cvt_Exst/9CE4E175_256x32.dds,yes,localize_text,visual_reviewed,
196,textures/load/spr_sprani_sumo_fe_cvt_Exst/9EF903AF_512x512.dds,maybe,zoom_review,visual_reviewed,
197,textures/load/spr_sprani_sumo_fe_cvt_Exst/9F060EC1_512x512.dds,yes,localize_text,visual_reviewed,
198,textures/load/spr_sprani_sumo_fe_cvt_Exst/9FC88069_1024x512.dds,yes,localize_text,visual_reviewed,
199,textures/load/spr_sprani_sumo_fe_cvt_Exst/A737D1C1_512x512.dds,yes_preserve,preserve_brand_song_credit,visual_reviewed,
200,textures/load/spr_sprani_sumo_fe_cvt_Exst/A80D3DD_1024x512.dds,no,no_localization,visual_reviewed,
201,textures/load/spr_sprani_sumo_fe_cvt_Exst/A9ABD877_512x512.dds,yes,localize_text,visual_reviewed,
202,textures/load/spr_sprani_sumo_fe_cvt_Exst/AB56F682_512x512.dds,maybe,zoom_review,visual_reviewed,
203,textures/load/spr_sprani_sumo_fe_cvt_Exst/AC5857B2_512x256.dds,no,no_localization,visual_reviewed,
204,textures/load/spr_sprani_sumo_fe_cvt_Exst/ACBA3534_128x128.dds,no,no_localization,visual_reviewed,
205,textures/load/spr_sprani_sumo_fe_cvt_Exst/ACF61D7C_1024x512.dds,yes,localize_text,visual_reviewed,
206,textures/load/spr_sprani_sumo_fe_cvt_Exst/AEA507A4_512x256.dds,maybe,zoom_review,visual_reviewed,
207,textures/load/spr_sprani_sumo_fe_cvt_Exst/AF711D18_256x256.dds,no,no_localization,visual_reviewed,
208,textures/load/spr_sprani_sumo_fe_cvt_Exst/B2EC23A1_1024x128.dds,no,no_localization,visual_reviewed,
209,textures/load/spr_sprani_sumo_fe_cvt_Exst/B3D9B074_256x512.dds,yes,localize_text,visual_reviewed,
210,textures/load/spr_sprani_sumo_fe_cvt_Exst/B5BB7AB0_512x512.dds,maybe,zoom_review,visual_reviewed,
211,textures/load/spr_sprani_sumo_fe_cvt_Exst/B9B5B1BC_64x64.dds,yes_preserve,preserve_brand_song_credit,visual_reviewed,
212,textures/load/spr_sprani_sumo_fe_cvt_Exst/BA0147DA_512x512.dds,yes,localize_text,visual_reviewed,
213,textures/load/spr_sprani_sumo_fe_cvt_Exst/BB30665E_512x128.dds,no,no_localization,visual_reviewed,
214,textures/load/spr_sprani_sumo_fe_cvt_Exst/BF229CF4_512x512.dds,maybe,zoom_review,visual_reviewed,
215,textures/load/spr_sprani_sumo_fe_cvt_Exst/C05E67EF_128x64.dds,yes,localize_text,visual_reviewed,
216,textures/load/spr_sprani_sumo_fe_cvt_Exst/C0E7DBE8_256x256.dds,no,no_localization,visual_reviewed,
217,textures/load/spr_sprani_sumo_fe_cvt_Exst/D1039D6F_512x512.dds,maybe,zoom_review,visual_reviewed,
218,textures/load/spr_sprani_sumo_fe_cvt_Exst/D2065DF6_256x256.dds,no,no_localization,visual_reviewed,
219,textures/load/spr_sprani_sumo_fe_cvt_Exst/D263B3F1_512x512.dds,maybe,zoom_review,visual_reviewed,
220,textures/load/spr_sprani_sumo_fe_cvt_Exst/D657C2EB_512x128.dds,yes,localize_text,visual_reviewed,
221,textures/load/spr_sprani_sumo_fe_cvt_Exst/D7392288_512x64.dds,no,no_localization,visual_reviewed,
222,textures/load/spr_sprani_sumo_fe_cvt_Exst/DDF0392A_256x512.dds,yes,localize_text,visual_reviewed,
223,textures/load/spr_sprani_sumo_fe_cvt_Exst/DF1ECB76_256x256.dds,no,no_localization,visual_reviewed,
224,textures/load/spr_sprani_sumo_fe_cvt_Exst/E330D423_256x256.dds,yes_preserve,preserve_brand_song_credit,visual_reviewed,
225,textures/load/spr_sprani_sumo_fe_cvt_Exst/E3C455FA_512x256.dds,yes,localize_text,visual_reviewed,
226,textures/load/spr_sprani_sumo_fe_cvt_Exst/E3F4BA07_512x128.dds,yes,localize_text,visual_reviewed,
227,textures/load/spr_sprani_sumo_fe_cvt_Exst/E596B7AC_512x512.dds,yes,localize_text,visual_reviewed,
228,textures/load/spr_sprani_sumo_fe_cvt_Exst/E7F6E9B7_512x512.dds,yes,localize_text,visual_reviewed,
229,textures/load/spr_sprani_sumo_fe_cvt_Exst/E91FB954_256x256.dds,no,no_localization,visual_reviewed,
230,textures/load/spr_sprani_sumo_fe_cvt_Exst/E95DA5_512x256.dds,yes,localize_text,visual_reviewed,
231,textures/load/spr_sprani_sumo_fe_cvt_Exst/EBE401C8_512x256.dds,yes,localize_text,visual_reviewed,
232,textures/load/spr_sprani_sumo_fe_cvt_Exst/EBFC709F_512x256.dds,yes,localize_text,visual_reviewed,
233,textures/load/spr_sprani_sumo_fe_cvt_Exst/F20926A9_512x512.dds,yes,localize_text,visual_reviewed,
234,textures/load/spr_sprani_sumo_fe_cvt_Exst/F2E7EA57_256x256.dds,no,no_localization,visual_reviewed,
235,textures/load/spr_sprani_sumo_fe_cvt_Exst/F813D9D3_512x32.dds,no,no_localization,visual_reviewed,
236,textures/load/spr_sprani_sumo_fe_cvt_Exst/FEF70E85_512x512.dds,yes,localize_text,visual_reviewed,
237,textures/load/spr_sprani_sumo_fe_cvt_Exst/FF514CEB_512x512.dds,yes,localize_text,visual_reviewed,
238,textures/load/spr_sprani_sumo_loading_Exst/132A1B1F_512x512.dds,maybe,zoom_review,visual_reviewed,
239,textures/load/spr_sprani_sumo_loading_Exst/1EC9612_64x64.dds,no,no_localization,visual_reviewed,
240,textures/load/spr_sprani_sumo_loading_Exst/4E9FE840_32x512.dds,no,no_localization,visual_reviewed,
241,textures/load/spr_sprani_sumo_loading_Exst/E1639D2E_256x64.dds,yes,localize_text,visual_reviewed,
242,textures/load/spr_sprani_sumo_loading_Exst/EB6B55F0_128x512.dds,no,no_localization,visual_reviewed,