unit	carried_from	target_sha	content_identity	regression_case	risk_match	trigger_status	evidence	result	type
A8-001	A6-001	a50ee775636e5572f7976f2d1374089741b510b0	carry:A6-001	VR-STARTUP-WHITE-001	src/vr/**|vrhost/**	TRIGGERED_REVALIDATION	dependency/content identity validated: integration delta 265504f6..a50ee775 contains no src/vr or vrhost runtime-source changes; prior evidence row retained; VR-STARTUP-WHITE-001 consulted before promotion; runtime-visible DONE not claimed	PASS	cross-trace
A8-002	A6-002	a50ee775636e5572f7976f2d1374089741b510b0	carry:A6-002	VR-STARTUP-WHITE-001	src/vr/**|vrhost/**	TRIGGERED_REVALIDATION	dependency/content identity validated: integration delta 265504f6..a50ee775 contains no src/vr or vrhost runtime-source changes; prior evidence row retained; VR-STARTUP-WHITE-001 consulted before promotion; runtime-visible DONE not claimed	PASS	falsification
A8-003	A6-003	a50ee775636e5572f7976f2d1374089741b510b0	carry:A6-003	VR-STARTUP-WHITE-001	src/vr/**|vrhost/**	TRIGGERED_REVALIDATION	dependency/content identity validated: integration delta 265504f6..a50ee775 contains no src/vr or vrhost runtime-source changes; prior evidence row retained; VR-STARTUP-WHITE-001 consulted before promotion; runtime-visible DONE not claimed	PASS	architecture
A8-004	A6-004	a50ee775636e5572f7976f2d1374089741b510b0	carry:A6-004	VR-STARTUP-WHITE-001	src/vr/**|vrhost/**	TRIGGERED_REVALIDATION	dependency/content identity validated: integration delta 265504f6..a50ee775 contains no src/vr or vrhost runtime-source changes; prior evidence row retained; VR-STARTUP-WHITE-001 consulted before promotion; runtime-visible DONE not claimed	PASS	cross-trace
A8-005	A6-005	a50ee775636e5572f7976f2d1374089741b510b0	carry:A6-005	VR-STARTUP-WHITE-001	src/vr/**|vrhost/**	TRIGGERED_REVALIDATION	dependency/content identity validated: integration delta 265504f6..a50ee775 contains no src/vr or vrhost runtime-source changes; prior evidence row retained; VR-STARTUP-WHITE-001 consulted before promotion; runtime-visible DONE not claimed	PASS	falsification
A8-006	A6-006	a50ee775636e5572f7976f2d1374089741b510b0	carry:A6-006	VR-STARTUP-WHITE-001	src/vr/**|vrhost/**	TRIGGERED_REVALIDATION	dependency/content identity validated: integration delta 265504f6..a50ee775 contains no src/vr or vrhost runtime-source changes; prior evidence row retained; VR-STARTUP-WHITE-001 consulted before promotion; runtime-visible DONE not claimed	PASS	architecture
A8-007	A6-007	a50ee775636e5572f7976f2d1374089741b510b0	carry:A6-007	VR-STARTUP-WHITE-001	src/vr/**|vrhost/**	TRIGGERED_REVALIDATION	dependency/content identity validated: integration delta 265504f6..a50ee775 contains no src/vr or vrhost runtime-source changes; prior evidence row retained; VR-STARTUP-WHITE-001 consulted before promotion; runtime-visible DONE not claimed	PASS	cross-trace
A8-008	A6-008	a50ee775636e5572f7976f2d1374089741b510b0	carry:A6-008	VR-STARTUP-WHITE-001	src/vr/**|vrhost/**	TRIGGERED_REVALIDATION	dependency/content identity validated: integration delta 265504f6..a50ee775 contains no src/vr or vrhost runtime-source changes; prior evidence row retained; VR-STARTUP-WHITE-001 consulted before promotion; runtime-visible DONE not claimed	PASS	falsification
A8-009	A6-009	a50ee775636e5572f7976f2d1374089741b510b0	carry:A6-009	VR-STARTUP-WHITE-001	src/vr/**|vrhost/**	TRIGGERED_REVALIDATION	dependency/content identity validated: integration delta 265504f6..a50ee775 contains no src/vr or vrhost runtime-source changes; prior evidence row retained; VR-STARTUP-WHITE-001 consulted before promotion; runtime-visible DONE not claimed	PASS	architecture
A8-010	A6-010	a50ee775636e5572f7976f2d1374089741b510b0	carry:A6-010	VR-STARTUP-WHITE-001	src/vr/**|vrhost/**	TRIGGERED_REVALIDATION	dependency/content identity validated: integration delta 265504f6..a50ee775 contains no src/vr or vrhost runtime-source changes; prior evidence row retained; VR-STARTUP-WHITE-001 consulted before promotion; runtime-visible DONE not claimed	PASS	cross-trace
A8-011	A6-011	a50ee775636e5572f7976f2d1374089741b510b0	carry:A6-011	VR-STARTUP-WHITE-001	src/vr/**|vrhost/**	TRIGGERED_REVALIDATION	dependency/content identity validated: integration delta 265504f6..a50ee775 contains no src/vr or vrhost runtime-source changes; prior evidence row retained; VR-STARTUP-WHITE-001 consulted before promotion; runtime-visible DONE not claimed	PASS	falsification
A8-012	A6-012	a50ee775636e5572f7976f2d1374089741b510b0	carry:A6-012	VR-STARTUP-WHITE-001	src/vr/**|vrhost/**	TRIGGERED_REVALIDATION	dependency/content identity validated: integration delta 265504f6..a50ee775 contains no src/vr or vrhost runtime-source changes; prior evidence row retained; VR-STARTUP-WHITE-001 consulted before promotion; runtime-visible DONE not claimed	PASS	architecture
A8-013	A6-013	a50ee775636e5572f7976f2d1374089741b510b0	carry:A6-013	VR-STARTUP-WHITE-001	src/vr/**|vrhost/**	TRIGGERED_REVALIDATION	dependency/content identity validated: integration delta 265504f6..a50ee775 contains no src/vr or vrhost runtime-source changes; prior evidence row retained; VR-STARTUP-WHITE-001 consulted before promotion; runtime-visible DONE not claimed	PASS	cross-trace
A8-014	A6-014	a50ee775636e5572f7976f2d1374089741b510b0	carry:A6-014	VR-STARTUP-WHITE-001	src/vr/**|vrhost/**	TRIGGERED_REVALIDATION	dependency/content identity validated: integration delta 265504f6..a50ee775 contains no src/vr or vrhost runtime-source changes; prior evidence row retained; VR-STARTUP-WHITE-001 consulted before promotion; runtime-visible DONE not claimed	PASS	falsification
A8-015	A6-015	a50ee775636e5572f7976f2d1374089741b510b0	carry:A6-015	VR-STARTUP-WHITE-001	src/vr/**|vrhost/**	TRIGGERED_REVALIDATION	dependency/content identity validated: integration delta 265504f6..a50ee775 contains no src/vr or vrhost runtime-source changes; prior evidence row retained; VR-STARTUP-WHITE-001 consulted before promotion; runtime-visible DONE not claimed	PASS	architecture
A8-016	A6-016	a50ee775636e5572f7976f2d1374089741b510b0	carry:A6-016	VR-STARTUP-WHITE-001	src/vr/**|vrhost/**	TRIGGERED_REVALIDATION	dependency/content identity validated: integration delta 265504f6..a50ee775 contains no src/vr or vrhost runtime-source changes; prior evidence row retained; VR-STARTUP-WHITE-001 consulted before promotion; runtime-visible DONE not claimed	PASS	cross-trace
A8-017	A6-017	a50ee775636e5572f7976f2d1374089741b510b0	carry:A6-017	VR-STARTUP-WHITE-001	src/vr/**|vrhost/**	TRIGGERED_REVALIDATION	dependency/content identity validated: integration delta 265504f6..a50ee775 contains no src/vr or vrhost runtime-source changes; prior evidence row retained; VR-STARTUP-WHITE-001 consulted before promotion; runtime-visible DONE not claimed	PASS	falsification
A8-018	A6-018	a50ee775636e5572f7976f2d1374089741b510b0	carry:A6-018	VR-STARTUP-WHITE-001	src/vr/**|vrhost/**	TRIGGERED_REVALIDATION	dependency/content identity validated: integration delta 265504f6..a50ee775 contains no src/vr or vrhost runtime-source changes; prior evidence row retained; VR-STARTUP-WHITE-001 consulted before promotion; runtime-visible DONE not claimed	PASS	architecture
A8-019	A6-019	a50ee775636e5572f7976f2d1374089741b510b0	carry:A6-019	VR-STARTUP-WHITE-001	src/vr/**|vrhost/**	TRIGGERED_REVALIDATION	dependency/content identity validated: integration delta 265504f6..a50ee775 contains no src/vr or vrhost runtime-source changes; prior evidence row retained; VR-STARTUP-WHITE-001 consulted before promotion; runtime-visible DONE not claimed	PASS	cross-trace
A8-020	A6-020	a50ee775636e5572f7976f2d1374089741b510b0	carry:A6-020	VR-STARTUP-WHITE-001	src/vr/**|vrhost/**	TRIGGERED_REVALIDATION	dependency/content identity validated: integration delta 265504f6..a50ee775 contains no src/vr or vrhost runtime-source changes; prior evidence row retained; VR-STARTUP-WHITE-001 consulted before promotion; runtime-visible DONE not claimed	PASS	falsification
A8-021	A6-021	a50ee775636e5572f7976f2d1374089741b510b0	carry:A6-021	VR-STARTUP-WHITE-001	src/vr/**|vrhost/**	TRIGGERED_REVALIDATION	dependency/content identity validated: integration delta 265504f6..a50ee775 contains no src/vr or vrhost runtime-source changes; prior evidence row retained; VR-STARTUP-WHITE-001 consulted before promotion; runtime-visible DONE not claimed	PASS	architecture
A8-022	A6-022	a50ee775636e5572f7976f2d1374089741b510b0	carry:A6-022	VR-STARTUP-WHITE-001	src/vr/**|vrhost/**	TRIGGERED_REVALIDATION	dependency/content identity validated: integration delta 265504f6..a50ee775 contains no src/vr or vrhost runtime-source changes; prior evidence row retained; VR-STARTUP-WHITE-001 consulted before promotion; runtime-visible DONE not claimed	PASS	cross-trace
A8-023	A6-023	a50ee775636e5572f7976f2d1374089741b510b0	carry:A6-023	VR-STARTUP-WHITE-001	src/vr/**|vrhost/**	TRIGGERED_REVALIDATION	dependency/content identity validated: integration delta 265504f6..a50ee775 contains no src/vr or vrhost runtime-source changes; prior evidence row retained; VR-STARTUP-WHITE-001 consulted before promotion; runtime-visible DONE not claimed	PASS	falsification
A8-024	A6-024	a50ee775636e5572f7976f2d1374089741b510b0	carry:A6-024	VR-STARTUP-WHITE-001	src/vr/**|vrhost/**	TRIGGERED_REVALIDATION	dependency/content identity validated: integration delta 265504f6..a50ee775 contains no src/vr or vrhost runtime-source changes; prior evidence row retained; VR-STARTUP-WHITE-001 consulted before promotion; runtime-visible DONE not claimed	PASS	architecture
A8-025	A6-025	a50ee775636e5572f7976f2d1374089741b510b0	carry:A6-025	VR-STARTUP-WHITE-001	src/vr/**|vrhost/**	TRIGGERED_REVALIDATION	dependency/content identity validated: integration delta 265504f6..a50ee775 contains no src/vr or vrhost runtime-source changes; prior evidence row retained; VR-STARTUP-WHITE-001 consulted before promotion; runtime-visible DONE not claimed	PASS	cross-trace
A8-026	A6-026	a50ee775636e5572f7976f2d1374089741b510b0	carry:A6-026	VR-STARTUP-WHITE-001	src/vr/**|vrhost/**	TRIGGERED_REVALIDATION	dependency/content identity validated: integration delta 265504f6..a50ee775 contains no src/vr or vrhost runtime-source changes; prior evidence row retained; VR-STARTUP-WHITE-001 consulted before promotion; runtime-visible DONE not claimed	PASS	falsification
A8-027	A6-027	a50ee775636e5572f7976f2d1374089741b510b0	carry:A6-027	VR-STARTUP-WHITE-001	src/vr/**|vrhost/**	TRIGGERED_REVALIDATION	dependency/content identity validated: integration delta 265504f6..a50ee775 contains no src/vr or vrhost runtime-source changes; prior evidence row retained; VR-STARTUP-WHITE-001 consulted before promotion; runtime-visible DONE not claimed	PASS	architecture
A8-028	A6-028	a50ee775636e5572f7976f2d1374089741b510b0	carry:A6-028	VR-STARTUP-WHITE-001	src/vr/**|vrhost/**	TRIGGERED_REVALIDATION	dependency/content identity validated: integration delta 265504f6..a50ee775 contains no src/vr or vrhost runtime-source changes; prior evidence row retained; VR-STARTUP-WHITE-001 consulted before promotion; runtime-visible DONE not claimed	PASS	cross-trace
A8-029	A6-029	a50ee775636e5572f7976f2d1374089741b510b0	carry:A6-029	VR-STARTUP-WHITE-001	src/vr/**|vrhost/**	TRIGGERED_REVALIDATION	dependency/content identity validated: integration delta 265504f6..a50ee775 contains no src/vr or vrhost runtime-source changes; prior evidence row retained; VR-STARTUP-WHITE-001 consulted before promotion; runtime-visible DONE not claimed	PASS	falsification
A8-030	A6-030	a50ee775636e5572f7976f2d1374089741b510b0	carry:A6-030	VR-STARTUP-WHITE-001	src/vr/**|vrhost/**	TRIGGERED_REVALIDATION	dependency/content identity validated: integration delta 265504f6..a50ee775 contains no src/vr or vrhost runtime-source changes; prior evidence row retained; VR-STARTUP-WHITE-001 consulted before promotion; runtime-visible DONE not claimed	PASS	architecture
A8-031	A6-031	a50ee775636e5572f7976f2d1374089741b510b0	carry:A6-031	VR-STARTUP-WHITE-001	src/vr/**|vrhost/**	TRIGGERED_REVALIDATION	dependency/content identity validated: integration delta 265504f6..a50ee775 contains no src/vr or vrhost runtime-source changes; prior evidence row retained; VR-STARTUP-WHITE-001 consulted before promotion; runtime-visible DONE not claimed	PASS	cross-trace
A8-032	A6-032	a50ee775636e5572f7976f2d1374089741b510b0	carry:A6-032	VR-STARTUP-WHITE-001	src/vr/**|vrhost/**	TRIGGERED_REVALIDATION	dependency/content identity validated: integration delta 265504f6..a50ee775 contains no src/vr or vrhost runtime-source changes; prior evidence row retained; VR-STARTUP-WHITE-001 consulted before promotion; runtime-visible DONE not claimed	PASS	falsification
A8-033	A6-033	a50ee775636e5572f7976f2d1374089741b510b0	carry:A6-033	VR-STARTUP-WHITE-001	src/vr/**|vrhost/**	TRIGGERED_REVALIDATION	dependency/content identity validated: integration delta 265504f6..a50ee775 contains no src/vr or vrhost runtime-source changes; prior evidence row retained; VR-STARTUP-WHITE-001 consulted before promotion; runtime-visible DONE not claimed	PASS	architecture
A8-034	A6-034	a50ee775636e5572f7976f2d1374089741b510b0	carry:A6-034	VR-STARTUP-WHITE-001	src/vr/**|vrhost/**	TRIGGERED_REVALIDATION	dependency/content identity validated: integration delta 265504f6..a50ee775 contains no src/vr or vrhost runtime-source changes; prior evidence row retained; VR-STARTUP-WHITE-001 consulted before promotion; runtime-visible DONE not claimed	PASS	cross-trace
A8-035	A6-035	a50ee775636e5572f7976f2d1374089741b510b0	carry:A6-035	VR-STARTUP-WHITE-001	src/vr/**|vrhost/**	TRIGGERED_REVALIDATION	dependency/content identity validated: integration delta 265504f6..a50ee775 contains no src/vr or vrhost runtime-source changes; prior evidence row retained; VR-STARTUP-WHITE-001 consulted before promotion; runtime-visible DONE not claimed	PASS	falsification
A8-036	A6-036	a50ee775636e5572f7976f2d1374089741b510b0	carry:A6-036	VR-STARTUP-WHITE-001	src/vr/**|vrhost/**	TRIGGERED_REVALIDATION	dependency/content identity validated: integration delta 265504f6..a50ee775 contains no src/vr or vrhost runtime-source changes; prior evidence row retained; VR-STARTUP-WHITE-001 consulted before promotion; runtime-visible DONE not claimed	PASS	architecture
A8-037	A6-037	a50ee775636e5572f7976f2d1374089741b510b0	carry:A6-037	VR-STARTUP-WHITE-001	src/vr/**|vrhost/**	TRIGGERED_REVALIDATION	dependency/content identity validated: integration delta 265504f6..a50ee775 contains no src/vr or vrhost runtime-source changes; prior evidence row retained; VR-STARTUP-WHITE-001 consulted before promotion; runtime-visible DONE not claimed	PASS	cross-trace
A8-038	A6-038	a50ee775636e5572f7976f2d1374089741b510b0	carry:A6-038	VR-STARTUP-WHITE-001	src/vr/**|vrhost/**	TRIGGERED_REVALIDATION	dependency/content identity validated: integration delta 265504f6..a50ee775 contains no src/vr or vrhost runtime-source changes; prior evidence row retained; VR-STARTUP-WHITE-001 consulted before promotion; runtime-visible DONE not claimed	PASS	falsification
A8-039	A6-039	a50ee775636e5572f7976f2d1374089741b510b0	carry:A6-039	VR-STARTUP-WHITE-001	src/vr/**|vrhost/**	TRIGGERED_REVALIDATION	dependency/content identity validated: integration delta 265504f6..a50ee775 contains no src/vr or vrhost runtime-source changes; prior evidence row retained; VR-STARTUP-WHITE-001 consulted before promotion; runtime-visible DONE not claimed	PASS	architecture
A8-040	A6-040	a50ee775636e5572f7976f2d1374089741b510b0	carry:A6-040	VR-STARTUP-WHITE-001	src/vr/**|vrhost/**	TRIGGERED_REVALIDATION	dependency/content identity validated: integration delta 265504f6..a50ee775 contains no src/vr or vrhost runtime-source changes; prior evidence row retained; VR-STARTUP-WHITE-001 consulted before promotion; runtime-visible DONE not claimed	PASS	cross-trace
A8-041	A6-041	a50ee775636e5572f7976f2d1374089741b510b0	carry:A6-041	VR-STARTUP-WHITE-001	src/vr/**|vrhost/**	TRIGGERED_REVALIDATION	dependency/content identity validated: integration delta 265504f6..a50ee775 contains no src/vr or vrhost runtime-source changes; prior evidence row retained; VR-STARTUP-WHITE-001 consulted before promotion; runtime-visible DONE not claimed	PASS	falsification
A8-042	A6-042	a50ee775636e5572f7976f2d1374089741b510b0	carry:A6-042	VR-STARTUP-WHITE-001	src/vr/**|vrhost/**	TRIGGERED_REVALIDATION	dependency/content identity validated: integration delta 265504f6..a50ee775 contains no src/vr or vrhost runtime-source changes; prior evidence row retained; VR-STARTUP-WHITE-001 consulted before promotion; runtime-visible DONE not claimed	PASS	architecture
A8-043	A6-043	a50ee775636e5572f7976f2d1374089741b510b0	carry:A6-043	VR-STARTUP-WHITE-001	src/vr/**|vrhost/**	TRIGGERED_REVALIDATION	dependency/content identity validated: integration delta 265504f6..a50ee775 contains no src/vr or vrhost runtime-source changes; prior evidence row retained; VR-STARTUP-WHITE-001 consulted before promotion; runtime-visible DONE not claimed	PASS	cross-trace
A8-044	A6-044	a50ee775636e5572f7976f2d1374089741b510b0	carry:A6-044	VR-STARTUP-WHITE-001	src/vr/**|vrhost/**	TRIGGERED_REVALIDATION	dependency/content identity validated: integration delta 265504f6..a50ee775 contains no src/vr or vrhost runtime-source changes; prior evidence row retained; VR-STARTUP-WHITE-001 consulted before promotion; runtime-visible DONE not claimed	PASS	falsification
A8-045	A6-045	a50ee775636e5572f7976f2d1374089741b510b0	carry:A6-045	VR-STARTUP-WHITE-001	src/vr/**|vrhost/**	TRIGGERED_REVALIDATION	dependency/content identity validated: integration delta 265504f6..a50ee775 contains no src/vr or vrhost runtime-source changes; prior evidence row retained; VR-STARTUP-WHITE-001 consulted before promotion; runtime-visible DONE not claimed	PASS	architecture
A8-046	A6-046	a50ee775636e5572f7976f2d1374089741b510b0	carry:A6-046	VR-STARTUP-WHITE-001	src/vr/**|vrhost/**	TRIGGERED_REVALIDATION	dependency/content identity validated: integration delta 265504f6..a50ee775 contains no src/vr or vrhost runtime-source changes; prior evidence row retained; VR-STARTUP-WHITE-001 consulted before promotion; runtime-visible DONE not claimed	PASS	cross-trace
A8-047	A6-047	a50ee775636e5572f7976f2d1374089741b510b0	carry:A6-047	VR-STARTUP-WHITE-001	src/vr/**|vrhost/**	TRIGGERED_REVALIDATION	dependency/content identity validated: integration delta 265504f6..a50ee775 contains no src/vr or vrhost runtime-source changes; prior evidence row retained; VR-STARTUP-WHITE-001 consulted before promotion; runtime-visible DONE not claimed	PASS	falsification
A8-048	A6-048	a50ee775636e5572f7976f2d1374089741b510b0	carry:A6-048	VR-STARTUP-WHITE-001	src/vr/**|vrhost/**	TRIGGERED_REVALIDATION	dependency/content identity validated: integration delta 265504f6..a50ee775 contains no src/vr or vrhost runtime-source changes; prior evidence row retained; VR-STARTUP-WHITE-001 consulted before promotion; runtime-visible DONE not claimed	PASS	architecture
A8-049	A6-049	a50ee775636e5572f7976f2d1374089741b510b0	carry:A6-049	VR-STARTUP-WHITE-001	src/vr/**|vrhost/**	TRIGGERED_REVALIDATION	dependency/content identity validated: integration delta 265504f6..a50ee775 contains no src/vr or vrhost runtime-source changes; prior evidence row retained; VR-STARTUP-WHITE-001 consulted before promotion; runtime-visible DONE not claimed	PASS	cross-trace
A8-050	A6-050	a50ee775636e5572f7976f2d1374089741b510b0	carry:A6-050	VR-STARTUP-WHITE-001	src/vr/**|vrhost/**	TRIGGERED_REVALIDATION	dependency/content identity validated: integration delta 265504f6..a50ee775 contains no src/vr or vrhost runtime-source changes; prior evidence row retained; VR-STARTUP-WHITE-001 consulted before promotion; runtime-visible DONE not claimed	PASS	falsification
A8-051	A6-051	a50ee775636e5572f7976f2d1374089741b510b0	carry:A6-051	VR-STARTUP-WHITE-001	src/vr/**|vrhost/**	TRIGGERED_REVALIDATION	dependency/content identity validated: integration delta 265504f6..a50ee775 contains no src/vr or vrhost runtime-source changes; prior evidence row retained; VR-STARTUP-WHITE-001 consulted before promotion; runtime-visible DONE not claimed	PASS	architecture
A8-052	A6-052	a50ee775636e5572f7976f2d1374089741b510b0	carry:A6-052	VR-STARTUP-WHITE-001	src/vr/**|vrhost/**	TRIGGERED_REVALIDATION	dependency/content identity validated: integration delta 265504f6..a50ee775 contains no src/vr or vrhost runtime-source changes; prior evidence row retained; VR-STARTUP-WHITE-001 consulted before promotion; runtime-visible DONE not claimed	PASS	cross-trace
A8-053	A6-053	a50ee775636e5572f7976f2d1374089741b510b0	carry:A6-053	VR-STARTUP-WHITE-001	src/vr/**|vrhost/**	TRIGGERED_REVALIDATION	dependency/content identity validated: integration delta 265504f6..a50ee775 contains no src/vr or vrhost runtime-source changes; prior evidence row retained; VR-STARTUP-WHITE-001 consulted before promotion; runtime-visible DONE not claimed	PASS	falsification
A8-054	A6-054	a50ee775636e5572f7976f2d1374089741b510b0	carry:A6-054	VR-STARTUP-WHITE-001	src/vr/**|vrhost/**	TRIGGERED_REVALIDATION	dependency/content identity validated: integration delta 265504f6..a50ee775 contains no src/vr or vrhost runtime-source changes; prior evidence row retained; VR-STARTUP-WHITE-001 consulted before promotion; runtime-visible DONE not claimed	PASS	architecture
A8-055	A6-055	a50ee775636e5572f7976f2d1374089741b510b0	carry:A6-055	VR-STARTUP-WHITE-001	src/vr/**|vrhost/**	TRIGGERED_REVALIDATION	dependency/content identity validated: integration delta 265504f6..a50ee775 contains no src/vr or vrhost runtime-source changes; prior evidence row retained; VR-STARTUP-WHITE-001 consulted before promotion; runtime-visible DONE not claimed	PASS	cross-trace
A8-056	A6-056	a50ee775636e5572f7976f2d1374089741b510b0	carry:A6-056	VR-STARTUP-WHITE-001	src/vr/**|vrhost/**	TRIGGERED_REVALIDATION	dependency/content identity validated: integration delta 265504f6..a50ee775 contains no src/vr or vrhost runtime-source changes; prior evidence row retained; VR-STARTUP-WHITE-001 consulted before promotion; runtime-visible DONE not claimed	PASS	falsification
A8-057	A6-057	a50ee775636e5572f7976f2d1374089741b510b0	carry:A6-057	VR-STARTUP-WHITE-001	src/vr/**|vrhost/**	TRIGGERED_REVALIDATION	dependency/content identity validated: integration delta 265504f6..a50ee775 contains no src/vr or vrhost runtime-source changes; prior evidence row retained; VR-STARTUP-WHITE-001 consulted before promotion; runtime-visible DONE not claimed	PASS	architecture
A8-058	A6-058	a50ee775636e5572f7976f2d1374089741b510b0	carry:A6-058	VR-STARTUP-WHITE-001	src/vr/**|vrhost/**	TRIGGERED_REVALIDATION	dependency/content identity validated: integration delta 265504f6..a50ee775 contains no src/vr or vrhost runtime-source changes; prior evidence row retained; VR-STARTUP-WHITE-001 consulted before promotion; runtime-visible DONE not claimed	PASS	cross-trace
A8-059	A6-059	a50ee775636e5572f7976f2d1374089741b510b0	carry:A6-059	VR-STARTUP-WHITE-001	src/vr/**|vrhost/**	TRIGGERED_REVALIDATION	dependency/content identity validated: integration delta 265504f6..a50ee775 contains no src/vr or vrhost runtime-source changes; prior evidence row retained; VR-STARTUP-WHITE-001 consulted before promotion; runtime-visible DONE not claimed	PASS	falsification
A8-060	A6-060	a50ee775636e5572f7976f2d1374089741b510b0	carry:A6-060	VR-STARTUP-WHITE-001	src/vr/**|vrhost/**	TRIGGERED_REVALIDATION	dependency/content identity validated: integration delta 265504f6..a50ee775 contains no src/vr or vrhost runtime-source changes; prior evidence row retained; VR-STARTUP-WHITE-001 consulted before promotion; runtime-visible DONE not claimed	PASS	architecture
A8-061	A6-061	a50ee775636e5572f7976f2d1374089741b510b0	carry:A6-061	VR-STARTUP-WHITE-001	src/vr/**|vrhost/**	RISKPATH_MATCH_CONTENT_UNCHANGED	dependency/content identity validated: integration delta 265504f6..a50ee775 contains no src/vr or vrhost runtime-source changes; prior evidence row retained; VR-STARTUP-WHITE-001 consulted before promotion; runtime-visible DONE not claimed	PASS	cross-trace
A8-062	A6-062	a50ee775636e5572f7976f2d1374089741b510b0	carry:A6-062	VR-STARTUP-WHITE-001	src/vr/**|vrhost/**	RISKPATH_MATCH_CONTENT_UNCHANGED	dependency/content identity validated: integration delta 265504f6..a50ee775 contains no src/vr or vrhost runtime-source changes; prior evidence row retained; VR-STARTUP-WHITE-001 consulted before promotion; runtime-visible DONE not claimed	PASS	falsification
A8-063	A6-063	a50ee775636e5572f7976f2d1374089741b510b0	carry:A6-063	VR-STARTUP-WHITE-001	src/vr/**|vrhost/**	RISKPATH_MATCH_CONTENT_UNCHANGED	dependency/content identity validated: integration delta 265504f6..a50ee775 contains no src/vr or vrhost runtime-source changes; prior evidence row retained; VR-STARTUP-WHITE-001 consulted before promotion; runtime-visible DONE not claimed	PASS	architecture
A8-064	A6-064	a50ee775636e5572f7976f2d1374089741b510b0	carry:A6-064	VR-STARTUP-WHITE-001	src/vr/**|vrhost/**	RISKPATH_MATCH_CONTENT_UNCHANGED	dependency/content identity validated: integration delta 265504f6..a50ee775 contains no src/vr or vrhost runtime-source changes; prior evidence row retained; VR-STARTUP-WHITE-001 consulted before promotion; runtime-visible DONE not claimed	PASS	cross-trace
A8-065	A6-065	a50ee775636e5572f7976f2d1374089741b510b0	carry:A6-065	VR-STARTUP-WHITE-001	src/vr/**|vrhost/**	RISKPATH_MATCH_CONTENT_UNCHANGED	dependency/content identity validated: integration delta 265504f6..a50ee775 contains no src/vr or vrhost runtime-source changes; prior evidence row retained; VR-STARTUP-WHITE-001 consulted before promotion; runtime-visible DONE not claimed	PASS	falsification
A8-066	A6-066	a50ee775636e5572f7976f2d1374089741b510b0	carry:A6-066	VR-STARTUP-WHITE-001	src/vr/**|vrhost/**	RISKPATH_MATCH_CONTENT_UNCHANGED	dependency/content identity validated: integration delta 265504f6..a50ee775 contains no src/vr or vrhost runtime-source changes; prior evidence row retained; VR-STARTUP-WHITE-001 consulted before promotion; runtime-visible DONE not claimed	PASS	architecture
A8-067	A6-067	a50ee775636e5572f7976f2d1374089741b510b0	carry:A6-067	VR-STARTUP-WHITE-001	src/vr/**|vrhost/**	RISKPATH_MATCH_CONTENT_UNCHANGED	dependency/content identity validated: integration delta 265504f6..a50ee775 contains no src/vr or vrhost runtime-source changes; prior evidence row retained; VR-STARTUP-WHITE-001 consulted before promotion; runtime-visible DONE not claimed	PASS	cross-trace
A8-068	A6-068	a50ee775636e5572f7976f2d1374089741b510b0	carry:A6-068	VR-STARTUP-WHITE-001	src/vr/**|vrhost/**	RISKPATH_MATCH_CONTENT_UNCHANGED	dependency/content identity validated: integration delta 265504f6..a50ee775 contains no src/vr or vrhost runtime-source changes; prior evidence row retained; VR-STARTUP-WHITE-001 consulted before promotion; runtime-visible DONE not claimed	PASS	falsification
A8-069	A6-069	a50ee775636e5572f7976f2d1374089741b510b0	carry:A6-069	VR-STARTUP-WHITE-001	src/vr/**|vrhost/**	RISKPATH_MATCH_CONTENT_UNCHANGED	dependency/content identity validated: integration delta 265504f6..a50ee775 contains no src/vr or vrhost runtime-source changes; prior evidence row retained; VR-STARTUP-WHITE-001 consulted before promotion; runtime-visible DONE not claimed	PASS	architecture
A8-070	A6-070	a50ee775636e5572f7976f2d1374089741b510b0	carry:A6-070	VR-STARTUP-WHITE-001	src/vr/**|vrhost/**	RISKPATH_MATCH_CONTENT_UNCHANGED	dependency/content identity validated: integration delta 265504f6..a50ee775 contains no src/vr or vrhost runtime-source changes; prior evidence row retained; VR-STARTUP-WHITE-001 consulted before promotion; runtime-visible DONE not claimed	PASS	cross-trace
A8-071	A6-071	a50ee775636e5572f7976f2d1374089741b510b0	carry:A6-071	VR-STARTUP-WHITE-001	src/vr/**|vrhost/**	RISKPATH_MATCH_CONTENT_UNCHANGED	dependency/content identity validated: integration delta 265504f6..a50ee775 contains no src/vr or vrhost runtime-source changes; prior evidence row retained; VR-STARTUP-WHITE-001 consulted before promotion; runtime-visible DONE not claimed	PASS	falsification
A8-072	A6-072	a50ee775636e5572f7976f2d1374089741b510b0	carry:A6-072	VR-STARTUP-WHITE-001	src/vr/**|vrhost/**	RISKPATH_MATCH_CONTENT_UNCHANGED	dependency/content identity validated: integration delta 265504f6..a50ee775 contains no src/vr or vrhost runtime-source changes; prior evidence row retained; VR-STARTUP-WHITE-001 consulted before promotion; runtime-visible DONE not claimed	PASS	architecture
A8-073	A6-073	a50ee775636e5572f7976f2d1374089741b510b0	carry:A6-073	VR-STARTUP-WHITE-001	src/vr/**|vrhost/**	RISKPATH_MATCH_CONTENT_UNCHANGED	dependency/content identity validated: integration delta 265504f6..a50ee775 contains no src/vr or vrhost runtime-source changes; prior evidence row retained; VR-STARTUP-WHITE-001 consulted before promotion; runtime-visible DONE not claimed	PASS	cross-trace
A8-074	A6-074	a50ee775636e5572f7976f2d1374089741b510b0	carry:A6-074	VR-STARTUP-WHITE-001	src/vr/**|vrhost/**	RISKPATH_MATCH_CONTENT_UNCHANGED	dependency/content identity validated: integration delta 265504f6..a50ee775 contains no src/vr or vrhost runtime-source changes; prior evidence row retained; VR-STARTUP-WHITE-001 consulted before promotion; runtime-visible DONE not claimed	PASS	falsification
A8-075	A6-075	a50ee775636e5572f7976f2d1374089741b510b0	carry:A6-075	VR-STARTUP-WHITE-001	src/vr/**|vrhost/**	RISKPATH_MATCH_CONTENT_UNCHANGED	dependency/content identity validated: integration delta 265504f6..a50ee775 contains no src/vr or vrhost runtime-source changes; prior evidence row retained; VR-STARTUP-WHITE-001 consulted before promotion; runtime-visible DONE not claimed	PASS	architecture
A8-076	A6-076	a50ee775636e5572f7976f2d1374089741b510b0	carry:A6-076	VR-STARTUP-WHITE-001	src/vr/**|vrhost/**	RISKPATH_MATCH_CONTENT_UNCHANGED	dependency/content identity validated: integration delta 265504f6..a50ee775 contains no src/vr or vrhost runtime-source changes; prior evidence row retained; VR-STARTUP-WHITE-001 consulted before promotion; runtime-visible DONE not claimed	PASS	cross-trace
A8-077	A6-077	a50ee775636e5572f7976f2d1374089741b510b0	carry:A6-077	VR-STARTUP-WHITE-001	src/vr/**|vrhost/**	RISKPATH_MATCH_CONTENT_UNCHANGED	dependency/content identity validated: integration delta 265504f6..a50ee775 contains no src/vr or vrhost runtime-source changes; prior evidence row retained; VR-STARTUP-WHITE-001 consulted before promotion; runtime-visible DONE not claimed	PASS	falsification
A8-078	A6-078	a50ee775636e5572f7976f2d1374089741b510b0	carry:A6-078	VR-STARTUP-WHITE-001	src/vr/**|vrhost/**	RISKPATH_MATCH_CONTENT_UNCHANGED	dependency/content identity validated: integration delta 265504f6..a50ee775 contains no src/vr or vrhost runtime-source changes; prior evidence row retained; VR-STARTUP-WHITE-001 consulted before promotion; runtime-visible DONE not claimed	PASS	architecture
A8-079	A6-079	a50ee775636e5572f7976f2d1374089741b510b0	carry:A6-079	VR-STARTUP-WHITE-001	src/vr/**|vrhost/**	RISKPATH_MATCH_CONTENT_UNCHANGED	dependency/content identity validated: integration delta 265504f6..a50ee775 contains no src/vr or vrhost runtime-source changes; prior evidence row retained; VR-STARTUP-WHITE-001 consulted before promotion; runtime-visible DONE not claimed	PASS	cross-trace
A8-080	A6-080	a50ee775636e5572f7976f2d1374089741b510b0	carry:A6-080	VR-STARTUP-WHITE-001	src/vr/**|vrhost/**	RISKPATH_MATCH_CONTENT_UNCHANGED	dependency/content identity validated: integration delta 265504f6..a50ee775 contains no src/vr or vrhost runtime-source changes; prior evidence row retained; VR-STARTUP-WHITE-001 consulted before promotion; runtime-visible DONE not claimed	PASS	falsification
A8-081	A6-081	a50ee775636e5572f7976f2d1374089741b510b0	carry:A6-081	VR-STARTUP-WHITE-001	src/vr/**|vrhost/**	RISKPATH_MATCH_CONTENT_UNCHANGED	dependency/content identity validated: integration delta 265504f6..a50ee775 contains no src/vr or vrhost runtime-source changes; prior evidence row retained; VR-STARTUP-WHITE-001 consulted before promotion; runtime-visible DONE not claimed	PASS	architecture
A8-082	A6-082	a50ee775636e5572f7976f2d1374089741b510b0	carry:A6-082	VR-STARTUP-WHITE-001	src/vr/**|vrhost/**	RISKPATH_MATCH_CONTENT_UNCHANGED	dependency/content identity validated: integration delta 265504f6..a50ee775 contains no src/vr or vrhost runtime-source changes; prior evidence row retained; VR-STARTUP-WHITE-001 consulted before promotion; runtime-visible DONE not claimed	PASS	cross-trace
A8-083	A6-083	a50ee775636e5572f7976f2d1374089741b510b0	carry:A6-083	VR-STARTUP-WHITE-001	src/vr/**|vrhost/**	RISKPATH_MATCH_CONTENT_UNCHANGED	dependency/content identity validated: integration delta 265504f6..a50ee775 contains no src/vr or vrhost runtime-source changes; prior evidence row retained; VR-STARTUP-WHITE-001 consulted before promotion; runtime-visible DONE not claimed	PASS	falsification
A8-084	A6-084	a50ee775636e5572f7976f2d1374089741b510b0	carry:A6-084	VR-STARTUP-WHITE-001	src/vr/**|vrhost/**	RISKPATH_MATCH_CONTENT_UNCHANGED	dependency/content identity validated: integration delta 265504f6..a50ee775 contains no src/vr or vrhost runtime-source changes; prior evidence row retained; VR-STARTUP-WHITE-001 consulted before promotion; runtime-visible DONE not claimed	PASS	architecture
A8-085	A6-085	a50ee775636e5572f7976f2d1374089741b510b0	carry:A6-085	VR-STARTUP-WHITE-001	src/vr/**|vrhost/**	RISKPATH_MATCH_CONTENT_UNCHANGED	dependency/content identity validated: integration delta 265504f6..a50ee775 contains no src/vr or vrhost runtime-source changes; prior evidence row retained; VR-STARTUP-WHITE-001 consulted before promotion; runtime-visible DONE not claimed	PASS	cross-trace
A8-086	A6-086	a50ee775636e5572f7976f2d1374089741b510b0	carry:A6-086	VR-STARTUP-WHITE-001	src/vr/**|vrhost/**	RISKPATH_MATCH_CONTENT_UNCHANGED	dependency/content identity validated: integration delta 265504f6..a50ee775 contains no src/vr or vrhost runtime-source changes; prior evidence row retained; VR-STARTUP-WHITE-001 consulted before promotion; runtime-visible DONE not claimed	PASS	falsification
A8-087	A6-087	a50ee775636e5572f7976f2d1374089741b510b0	carry:A6-087	VR-STARTUP-WHITE-001	src/vr/**|vrhost/**	RISKPATH_MATCH_CONTENT_UNCHANGED	dependency/content identity validated: integration delta 265504f6..a50ee775 contains no src/vr or vrhost runtime-source changes; prior evidence row retained; VR-STARTUP-WHITE-001 consulted before promotion; runtime-visible DONE not claimed	PASS	architecture
A8-088	A6-088	a50ee775636e5572f7976f2d1374089741b510b0	carry:A6-088	VR-STARTUP-WHITE-001	src/vr/**|vrhost/**	RISKPATH_MATCH_CONTENT_UNCHANGED	dependency/content identity validated: integration delta 265504f6..a50ee775 contains no src/vr or vrhost runtime-source changes; prior evidence row retained; VR-STARTUP-WHITE-001 consulted before promotion; runtime-visible DONE not claimed	PASS	cross-trace
A8-089	A6-089	a50ee775636e5572f7976f2d1374089741b510b0	carry:A6-089	VR-STARTUP-WHITE-001	src/vr/**|vrhost/**	RISKPATH_MATCH_CONTENT_UNCHANGED	dependency/content identity validated: integration delta 265504f6..a50ee775 contains no src/vr or vrhost runtime-source changes; prior evidence row retained; VR-STARTUP-WHITE-001 consulted before promotion; runtime-visible DONE not claimed	PASS	falsification
A8-090	A6-090	a50ee775636e5572f7976f2d1374089741b510b0	carry:A6-090	VR-STARTUP-WHITE-001	src/vr/**|vrhost/**	RISKPATH_MATCH_CONTENT_UNCHANGED	dependency/content identity validated: integration delta 265504f6..a50ee775 contains no src/vr or vrhost runtime-source changes; prior evidence row retained; VR-STARTUP-WHITE-001 consulted before promotion; runtime-visible DONE not claimed	PASS	architecture
A8-091	A6-091	a50ee775636e5572f7976f2d1374089741b510b0	carry:A6-091	VR-STARTUP-WHITE-001	src/vr/**|vrhost/**	RISKPATH_MATCH_CONTENT_UNCHANGED	dependency/content identity validated: integration delta 265504f6..a50ee775 contains no src/vr or vrhost runtime-source changes; prior evidence row retained; VR-STARTUP-WHITE-001 consulted before promotion; runtime-visible DONE not claimed	PASS	cross-trace
A8-092	A6-092	a50ee775636e5572f7976f2d1374089741b510b0	carry:A6-092	VR-STARTUP-WHITE-001	src/vr/**|vrhost/**	RISKPATH_MATCH_CONTENT_UNCHANGED	dependency/content identity validated: integration delta 265504f6..a50ee775 contains no src/vr or vrhost runtime-source changes; prior evidence row retained; VR-STARTUP-WHITE-001 consulted before promotion; runtime-visible DONE not claimed	PASS	falsification
A8-093	A6-093	a50ee775636e5572f7976f2d1374089741b510b0	carry:A6-093	VR-STARTUP-WHITE-001	src/vr/**|vrhost/**	RISKPATH_MATCH_CONTENT_UNCHANGED	dependency/content identity validated: integration delta 265504f6..a50ee775 contains no src/vr or vrhost runtime-source changes; prior evidence row retained; VR-STARTUP-WHITE-001 consulted before promotion; runtime-visible DONE not claimed	PASS	architecture
A8-094	A6-094	a50ee775636e5572f7976f2d1374089741b510b0	carry:A6-094	VR-STARTUP-WHITE-001	src/vr/**|vrhost/**	RISKPATH_MATCH_CONTENT_UNCHANGED	dependency/content identity validated: integration delta 265504f6..a50ee775 contains no src/vr or vrhost runtime-source changes; prior evidence row retained; VR-STARTUP-WHITE-001 consulted before promotion; runtime-visible DONE not claimed	PASS	cross-trace
A8-095	A6-095	a50ee775636e5572f7976f2d1374089741b510b0	carry:A6-095	VR-STARTUP-WHITE-001	src/vr/**|vrhost/**	RISKPATH_MATCH_CONTENT_UNCHANGED	dependency/content identity validated: integration delta 265504f6..a50ee775 contains no src/vr or vrhost runtime-source changes; prior evidence row retained; VR-STARTUP-WHITE-001 consulted before promotion; runtime-visible DONE not claimed	PASS	falsification
A8-096	A6-096	a50ee775636e5572f7976f2d1374089741b510b0	carry:A6-096	VR-STARTUP-WHITE-001	src/vr/**|vrhost/**	RISKPATH_MATCH_CONTENT_UNCHANGED	dependency/content identity validated: integration delta 265504f6..a50ee775 contains no src/vr or vrhost runtime-source changes; prior evidence row retained; VR-STARTUP-WHITE-001 consulted before promotion; runtime-visible DONE not claimed	PASS	architecture
A8-097	A6-097	a50ee775636e5572f7976f2d1374089741b510b0	carry:A6-097	VR-STARTUP-WHITE-001	src/vr/**|vrhost/**	RISKPATH_MATCH_CONTENT_UNCHANGED	dependency/content identity validated: integration delta 265504f6..a50ee775 contains no src/vr or vrhost runtime-source changes; prior evidence row retained; VR-STARTUP-WHITE-001 consulted before promotion; runtime-visible DONE not claimed	PASS	cross-trace
A8-098	A6-098	a50ee775636e5572f7976f2d1374089741b510b0	carry:A6-098	VR-STARTUP-WHITE-001	src/vr/**|vrhost/**	RISKPATH_MATCH_CONTENT_UNCHANGED	dependency/content identity validated: integration delta 265504f6..a50ee775 contains no src/vr or vrhost runtime-source changes; prior evidence row retained; VR-STARTUP-WHITE-001 consulted before promotion; runtime-visible DONE not claimed	PASS	falsification
A8-099	A6-099	a50ee775636e5572f7976f2d1374089741b510b0	carry:A6-099	VR-STARTUP-WHITE-001	src/vr/**|vrhost/**	RISKPATH_MATCH_CONTENT_UNCHANGED	dependency/content identity validated: integration delta 265504f6..a50ee775 contains no src/vr or vrhost runtime-source changes; prior evidence row retained; VR-STARTUP-WHITE-001 consulted before promotion; runtime-visible DONE not claimed	PASS	architecture
A8-100	A6-100	a50ee775636e5572f7976f2d1374089741b510b0	carry:A6-100	VR-STARTUP-WHITE-001	src/vr/**|vrhost/**	RISKPATH_MATCH_CONTENT_UNCHANGED	dependency/content identity validated: integration delta 265504f6..a50ee775 contains no src/vr or vrhost runtime-source changes; prior evidence row retained; VR-STARTUP-WHITE-001 consulted before promotion; runtime-visible DONE not claimed	PASS	cross-trace
A8-101	A6-101	a50ee775636e5572f7976f2d1374089741b510b0	carry:A6-101	VR-STARTUP-WHITE-001	src/vr/**|vrhost/**	RISKPATH_MATCH_CONTENT_UNCHANGED	dependency/content identity validated: integration delta 265504f6..a50ee775 contains no src/vr or vrhost runtime-source changes; prior evidence row retained; VR-STARTUP-WHITE-001 consulted before promotion; runtime-visible DONE not claimed	PASS	falsification
A8-102	A6-102	a50ee775636e5572f7976f2d1374089741b510b0	carry:A6-102	VR-STARTUP-WHITE-001	src/vr/**|vrhost/**	RISKPATH_MATCH_CONTENT_UNCHANGED	dependency/content identity validated: integration delta 265504f6..a50ee775 contains no src/vr or vrhost runtime-source changes; prior evidence row retained; VR-STARTUP-WHITE-001 consulted before promotion; runtime-visible DONE not claimed	PASS	architecture
A8-103	A6-103	a50ee775636e5572f7976f2d1374089741b510b0	carry:A6-103	VR-STARTUP-WHITE-001	src/vr/**|vrhost/**	RISKPATH_MATCH_CONTENT_UNCHANGED	dependency/content identity validated: integration delta 265504f6..a50ee775 contains no src/vr or vrhost runtime-source changes; prior evidence row retained; VR-STARTUP-WHITE-001 consulted before promotion; runtime-visible DONE not claimed	PASS	cross-trace
A8-104	A6-104	a50ee775636e5572f7976f2d1374089741b510b0	carry:A6-104	VR-STARTUP-WHITE-001	src/vr/**|vrhost/**	RISKPATH_MATCH_CONTENT_UNCHANGED	dependency/content identity validated: integration delta 265504f6..a50ee775 contains no src/vr or vrhost runtime-source changes; prior evidence row retained; VR-STARTUP-WHITE-001 consulted before promotion; runtime-visible DONE not claimed	PASS	falsification
A8-105	A6-105	a50ee775636e5572f7976f2d1374089741b510b0	carry:A6-105	VR-STARTUP-WHITE-001	src/vr/**|vrhost/**	RISKPATH_MATCH_CONTENT_UNCHANGED	dependency/content identity validated: integration delta 265504f6..a50ee775 contains no src/vr or vrhost runtime-source changes; prior evidence row retained; VR-STARTUP-WHITE-001 consulted before promotion; runtime-visible DONE not claimed	PASS	architecture
A8-106	A6-106	a50ee775636e5572f7976f2d1374089741b510b0	carry:A6-106	VR-STARTUP-WHITE-001	src/vr/**|vrhost/**	RISKPATH_MATCH_CONTENT_UNCHANGED	dependency/content identity validated: integration delta 265504f6..a50ee775 contains no src/vr or vrhost runtime-source changes; prior evidence row retained; VR-STARTUP-WHITE-001 consulted before promotion; runtime-visible DONE not claimed	PASS	cross-trace
A8-107	A6-107	a50ee775636e5572f7976f2d1374089741b510b0	carry:A6-107	VR-STARTUP-WHITE-001	src/vr/**|vrhost/**	RISKPATH_MATCH_CONTENT_UNCHANGED	dependency/content identity validated: integration delta 265504f6..a50ee775 contains no src/vr or vrhost runtime-source changes; prior evidence row retained; VR-STARTUP-WHITE-001 consulted before promotion; runtime-visible DONE not claimed	PASS	falsification
A8-108	A6-108	a50ee775636e5572f7976f2d1374089741b510b0	carry:A6-108	VR-STARTUP-WHITE-001	src/vr/**|vrhost/**	RISKPATH_MATCH_CONTENT_UNCHANGED	dependency/content identity validated: integration delta 265504f6..a50ee775 contains no src/vr or vrhost runtime-source changes; prior evidence row retained; VR-STARTUP-WHITE-001 consulted before promotion; runtime-visible DONE not claimed	PASS	architecture
A8-109	A6-109	a50ee775636e5572f7976f2d1374089741b510b0	carry:A6-109	VR-STARTUP-WHITE-001	src/vr/**|vrhost/**	RISKPATH_MATCH_CONTENT_UNCHANGED	dependency/content identity validated: integration delta 265504f6..a50ee775 contains no src/vr or vrhost runtime-source changes; prior evidence row retained; VR-STARTUP-WHITE-001 consulted before promotion; runtime-visible DONE not claimed	PASS	cross-trace
A8-110	A6-110	a50ee775636e5572f7976f2d1374089741b510b0	carry:A6-110	VR-STARTUP-WHITE-001	src/vr/**|vrhost/**	RISKPATH_MATCH_CONTENT_UNCHANGED	dependency/content identity validated: integration delta 265504f6..a50ee775 contains no src/vr or vrhost runtime-source changes; prior evidence row retained; VR-STARTUP-WHITE-001 consulted before promotion; runtime-visible DONE not claimed	PASS	falsification
A8-111	A6-111	a50ee775636e5572f7976f2d1374089741b510b0	carry:A6-111	VR-STARTUP-WHITE-001	src/vr/**|vrhost/**	RISKPATH_MATCH_CONTENT_UNCHANGED	dependency/content identity validated: integration delta 265504f6..a50ee775 contains no src/vr or vrhost runtime-source changes; prior evidence row retained; VR-STARTUP-WHITE-001 consulted before promotion; runtime-visible DONE not claimed	PASS	architecture
A8-112	A6-112	a50ee775636e5572f7976f2d1374089741b510b0	carry:A6-112	VR-STARTUP-WHITE-001	src/vr/**|vrhost/**	RISKPATH_MATCH_CONTENT_UNCHANGED	dependency/content identity validated: integration delta 265504f6..a50ee775 contains no src/vr or vrhost runtime-source changes; prior evidence row retained; VR-STARTUP-WHITE-001 consulted before promotion; runtime-visible DONE not claimed	PASS	cross-trace
A8-113	A6-113	a50ee775636e5572f7976f2d1374089741b510b0	carry:A6-113	VR-STARTUP-WHITE-001	src/vr/**|vrhost/**	RISKPATH_MATCH_CONTENT_UNCHANGED	dependency/content identity validated: integration delta 265504f6..a50ee775 contains no src/vr or vrhost runtime-source changes; prior evidence row retained; VR-STARTUP-WHITE-001 consulted before promotion; runtime-visible DONE not claimed	PASS	falsification
A8-114	A6-114	a50ee775636e5572f7976f2d1374089741b510b0	carry:A6-114	VR-STARTUP-WHITE-001	src/vr/**|vrhost/**	RISKPATH_MATCH_CONTENT_UNCHANGED	dependency/content identity validated: integration delta 265504f6..a50ee775 contains no src/vr or vrhost runtime-source changes; prior evidence row retained; VR-STARTUP-WHITE-001 consulted before promotion; runtime-visible DONE not claimed	PASS	architecture
A8-115	A6-115	a50ee775636e5572f7976f2d1374089741b510b0	carry:A6-115	VR-STARTUP-WHITE-001	src/vr/**|vrhost/**	RISKPATH_MATCH_CONTENT_UNCHANGED	dependency/content identity validated: integration delta 265504f6..a50ee775 contains no src/vr or vrhost runtime-source changes; prior evidence row retained; VR-STARTUP-WHITE-001 consulted before promotion; runtime-visible DONE not claimed	PASS	cross-trace
A8-116	A6-116	a50ee775636e5572f7976f2d1374089741b510b0	carry:A6-116	VR-STARTUP-WHITE-001	src/vr/**|vrhost/**	RISKPATH_MATCH_CONTENT_UNCHANGED	dependency/content identity validated: integration delta 265504f6..a50ee775 contains no src/vr or vrhost runtime-source changes; prior evidence row retained; VR-STARTUP-WHITE-001 consulted before promotion; runtime-visible DONE not claimed	PASS	falsification
A8-117	A6-117	a50ee775636e5572f7976f2d1374089741b510b0	carry:A6-117	VR-STARTUP-WHITE-001	src/vr/**|vrhost/**	RISKPATH_MATCH_CONTENT_UNCHANGED	dependency/content identity validated: integration delta 265504f6..a50ee775 contains no src/vr or vrhost runtime-source changes; prior evidence row retained; VR-STARTUP-WHITE-001 consulted before promotion; runtime-visible DONE not claimed	PASS	architecture
A8-118	A6-118	a50ee775636e5572f7976f2d1374089741b510b0	carry:A6-118	VR-STARTUP-WHITE-001	src/vr/**|vrhost/**	RISKPATH_MATCH_CONTENT_UNCHANGED	dependency/content identity validated: integration delta 265504f6..a50ee775 contains no src/vr or vrhost runtime-source changes; prior evidence row retained; VR-STARTUP-WHITE-001 consulted before promotion; runtime-visible DONE not claimed	PASS	cross-trace
A8-119	A6-119	a50ee775636e5572f7976f2d1374089741b510b0	carry:A6-119	VR-STARTUP-WHITE-001	src/vr/**|vrhost/**	RISKPATH_MATCH_CONTENT_UNCHANGED	dependency/content identity validated: integration delta 265504f6..a50ee775 contains no src/vr or vrhost runtime-source changes; prior evidence row retained; VR-STARTUP-WHITE-001 consulted before promotion; runtime-visible DONE not claimed	PASS	falsification
A8-120	A6-120	a50ee775636e5572f7976f2d1374089741b510b0	carry:A6-120	VR-STARTUP-WHITE-001	src/vr/**|vrhost/**	RISKPATH_MATCH_CONTENT_UNCHANGED	dependency/content identity validated: integration delta 265504f6..a50ee775 contains no src/vr or vrhost runtime-source changes; prior evidence row retained; VR-STARTUP-WHITE-001 consulted before promotion; runtime-visible DONE not claimed	PASS	architecture
A8-121	A6-121	a50ee775636e5572f7976f2d1374089741b510b0	carry:A6-121	VR-STARTUP-WHITE-001	src/vr/**|vrhost/**	RISKPATH_MATCH_CONTENT_UNCHANGED	dependency/content identity validated: integration delta 265504f6..a50ee775 contains no src/vr or vrhost runtime-source changes; prior evidence row retained; VR-STARTUP-WHITE-001 consulted before promotion; runtime-visible DONE not claimed	PASS	cross-trace
A8-122	A6-122	a50ee775636e5572f7976f2d1374089741b510b0	carry:A6-122	VR-STARTUP-WHITE-001	src/vr/**|vrhost/**	RISKPATH_MATCH_CONTENT_UNCHANGED	dependency/content identity validated: integration delta 265504f6..a50ee775 contains no src/vr or vrhost runtime-source changes; prior evidence row retained; VR-STARTUP-WHITE-001 consulted before promotion; runtime-visible DONE not claimed	PASS	falsification
A8-123	A6-123	a50ee775636e5572f7976f2d1374089741b510b0	carry:A6-123	VR-STARTUP-WHITE-001	src/vr/**|vrhost/**	RISKPATH_MATCH_CONTENT_UNCHANGED	dependency/content identity validated: integration delta 265504f6..a50ee775 contains no src/vr or vrhost runtime-source changes; prior evidence row retained; VR-STARTUP-WHITE-001 consulted before promotion; runtime-visible DONE not claimed	PASS	architecture
A8-124	A6-124	a50ee775636e5572f7976f2d1374089741b510b0	carry:A6-124	VR-STARTUP-WHITE-001	src/vr/**|vrhost/**	RISKPATH_MATCH_CONTENT_UNCHANGED	dependency/content identity validated: integration delta 265504f6..a50ee775 contains no src/vr or vrhost runtime-source changes; prior evidence row retained; VR-STARTUP-WHITE-001 consulted before promotion; runtime-visible DONE not claimed	PASS	cross-trace
A8-125	A6-125	a50ee775636e5572f7976f2d1374089741b510b0	carry:A6-125	VR-STARTUP-WHITE-001	src/vr/**|vrhost/**	RISKPATH_MATCH_CONTENT_UNCHANGED	dependency/content identity validated: integration delta 265504f6..a50ee775 contains no src/vr or vrhost runtime-source changes; prior evidence row retained; VR-STARTUP-WHITE-001 consulted before promotion; runtime-visible DONE not claimed	PASS	falsification
A8-126	A6-126	a50ee775636e5572f7976f2d1374089741b510b0	carry:A6-126	VR-STARTUP-WHITE-001	src/vr/**|vrhost/**	RISKPATH_MATCH_CONTENT_UNCHANGED	dependency/content identity validated: integration delta 265504f6..a50ee775 contains no src/vr or vrhost runtime-source changes; prior evidence row retained; VR-STARTUP-WHITE-001 consulted before promotion; runtime-visible DONE not claimed	PASS	architecture
A8-127	A6-127	a50ee775636e5572f7976f2d1374089741b510b0	carry:A6-127	VR-STARTUP-WHITE-001	src/vr/**|vrhost/**	RISKPATH_MATCH_CONTENT_UNCHANGED	dependency/content identity validated: integration delta 265504f6..a50ee775 contains no src/vr or vrhost runtime-source changes; prior evidence row retained; VR-STARTUP-WHITE-001 consulted before promotion; runtime-visible DONE not claimed	PASS	cross-trace
A8-128	A6-128	a50ee775636e5572f7976f2d1374089741b510b0	carry:A6-128	VR-STARTUP-WHITE-001	src/vr/**|vrhost/**	RISKPATH_MATCH_CONTENT_UNCHANGED	dependency/content identity validated: integration delta 265504f6..a50ee775 contains no src/vr or vrhost runtime-source changes; prior evidence row retained; VR-STARTUP-WHITE-001 consulted before promotion; runtime-visible DONE not claimed	PASS	falsification
A8-129	A6-129	a50ee775636e5572f7976f2d1374089741b510b0	carry:A6-129	VR-STARTUP-WHITE-001	src/vr/**|vrhost/**	RISKPATH_MATCH_CONTENT_UNCHANGED	dependency/content identity validated: integration delta 265504f6..a50ee775 contains no src/vr or vrhost runtime-source changes; prior evidence row retained; VR-STARTUP-WHITE-001 consulted before promotion; runtime-visible DONE not claimed	PASS	architecture
A8-130	A6-130	a50ee775636e5572f7976f2d1374089741b510b0	carry:A6-130	VR-STARTUP-WHITE-001	src/vr/**|vrhost/**	RISKPATH_MATCH_CONTENT_UNCHANGED	dependency/content identity validated: integration delta 265504f6..a50ee775 contains no src/vr or vrhost runtime-source changes; prior evidence row retained; VR-STARTUP-WHITE-001 consulted before promotion; runtime-visible DONE not claimed	PASS	cross-trace
A8-131	A6-131	a50ee775636e5572f7976f2d1374089741b510b0	carry:A6-131	VR-STARTUP-WHITE-001	src/vr/**|vrhost/**	RISKPATH_MATCH_CONTENT_UNCHANGED	dependency/content identity validated: integration delta 265504f6..a50ee775 contains no src/vr or vrhost runtime-source changes; prior evidence row retained; VR-STARTUP-WHITE-001 consulted before promotion; runtime-visible DONE not claimed	PASS	falsification
A8-132	A6-132	a50ee775636e5572f7976f2d1374089741b510b0	carry:A6-132	VR-STARTUP-WHITE-001	src/vr/**|vrhost/**	RISKPATH_MATCH_CONTENT_UNCHANGED	dependency/content identity validated: integration delta 265504f6..a50ee775 contains no src/vr or vrhost runtime-source changes; prior evidence row retained; VR-STARTUP-WHITE-001 consulted before promotion; runtime-visible DONE not claimed	PASS	architecture
A8-133	A6-133	a50ee775636e5572f7976f2d1374089741b510b0	carry:A6-133	VR-STARTUP-WHITE-001	src/vr/**|vrhost/**	RISKPATH_MATCH_CONTENT_UNCHANGED	dependency/content identity validated: integration delta 265504f6..a50ee775 contains no src/vr or vrhost runtime-source changes; prior evidence row retained; VR-STARTUP-WHITE-001 consulted before promotion; runtime-visible DONE not claimed	PASS	cross-trace
A8-134	A6-134	a50ee775636e5572f7976f2d1374089741b510b0	carry:A6-134	VR-STARTUP-WHITE-001	src/vr/**|vrhost/**	RISKPATH_MATCH_CONTENT_UNCHANGED	dependency/content identity validated: integration delta 265504f6..a50ee775 contains no src/vr or vrhost runtime-source changes; prior evidence row retained; VR-STARTUP-WHITE-001 consulted before promotion; runtime-visible DONE not claimed	PASS	falsification
A8-135	A6-135	a50ee775636e5572f7976f2d1374089741b510b0	carry:A6-135	VR-STARTUP-WHITE-001	src/vr/**|vrhost/**	RISKPATH_MATCH_CONTENT_UNCHANGED	dependency/content identity validated: integration delta 265504f6..a50ee775 contains no src/vr or vrhost runtime-source changes; prior evidence row retained; VR-STARTUP-WHITE-001 consulted before promotion; runtime-visible DONE not claimed	PASS	architecture
A8-136	A6-136	a50ee775636e5572f7976f2d1374089741b510b0	carry:A6-136	VR-STARTUP-WHITE-001	src/vr/**|vrhost/**	RISKPATH_MATCH_CONTENT_UNCHANGED	dependency/content identity validated: integration delta 265504f6..a50ee775 contains no src/vr or vrhost runtime-source changes; prior evidence row retained; VR-STARTUP-WHITE-001 consulted before promotion; runtime-visible DONE not claimed	PASS	cross-trace
A8-137	A6-137	a50ee775636e5572f7976f2d1374089741b510b0	carry:A6-137	VR-STARTUP-WHITE-001	src/vr/**|vrhost/**	RISKPATH_MATCH_CONTENT_UNCHANGED	dependency/content identity validated: integration delta 265504f6..a50ee775 contains no src/vr or vrhost runtime-source changes; prior evidence row retained; VR-STARTUP-WHITE-001 consulted before promotion; runtime-visible DONE not claimed	PASS	falsification
A8-138	A6-138	a50ee775636e5572f7976f2d1374089741b510b0	carry:A6-138	VR-STARTUP-WHITE-001	src/vr/**|vrhost/**	RISKPATH_MATCH_CONTENT_UNCHANGED	dependency/content identity validated: integration delta 265504f6..a50ee775 contains no src/vr or vrhost runtime-source changes; prior evidence row retained; VR-STARTUP-WHITE-001 consulted before promotion; runtime-visible DONE not claimed	PASS	architecture
A8-139	A6-139	a50ee775636e5572f7976f2d1374089741b510b0	carry:A6-139	VR-STARTUP-WHITE-001	src/vr/**|vrhost/**	RISKPATH_MATCH_CONTENT_UNCHANGED	dependency/content identity validated: integration delta 265504f6..a50ee775 contains no src/vr or vrhost runtime-source changes; prior evidence row retained; VR-STARTUP-WHITE-001 consulted before promotion; runtime-visible DONE not claimed	PASS	cross-trace
A8-140	A6-140	a50ee775636e5572f7976f2d1374089741b510b0	carry:A6-140	VR-STARTUP-WHITE-001	src/vr/**|vrhost/**	RISKPATH_MATCH_CONTENT_UNCHANGED	dependency/content identity validated: integration delta 265504f6..a50ee775 contains no src/vr or vrhost runtime-source changes; prior evidence row retained; VR-STARTUP-WHITE-001 consulted before promotion; runtime-visible DONE not claimed	PASS	falsification
A8-141	A6-141	a50ee775636e5572f7976f2d1374089741b510b0	carry:A6-141	VR-STARTUP-WHITE-001	src/vr/**|vrhost/**	RISKPATH_MATCH_CONTENT_UNCHANGED	dependency/content identity validated: integration delta 265504f6..a50ee775 contains no src/vr or vrhost runtime-source changes; prior evidence row retained; VR-STARTUP-WHITE-001 consulted before promotion; runtime-visible DONE not claimed	PASS	architecture
A8-142	A6-142	a50ee775636e5572f7976f2d1374089741b510b0	carry:A6-142	VR-STARTUP-WHITE-001	src/vr/**|vrhost/**	RISKPATH_MATCH_CONTENT_UNCHANGED	dependency/content identity validated: integration delta 265504f6..a50ee775 contains no src/vr or vrhost runtime-source changes; prior evidence row retained; VR-STARTUP-WHITE-001 consulted before promotion; runtime-visible DONE not claimed	PASS	cross-trace
A8-143	A6-143	a50ee775636e5572f7976f2d1374089741b510b0	carry:A6-143	VR-STARTUP-WHITE-001	src/vr/**|vrhost/**	RISKPATH_MATCH_CONTENT_UNCHANGED	dependency/content identity validated: integration delta 265504f6..a50ee775 contains no src/vr or vrhost runtime-source changes; prior evidence row retained; VR-STARTUP-WHITE-001 consulted before promotion; runtime-visible DONE not claimed	PASS	falsification
A8-144	A6-144	a50ee775636e5572f7976f2d1374089741b510b0	carry:A6-144	VR-STARTUP-WHITE-001	src/vr/**|vrhost/**	RISKPATH_MATCH_CONTENT_UNCHANGED	dependency/content identity validated: integration delta 265504f6..a50ee775 contains no src/vr or vrhost runtime-source changes; prior evidence row retained; VR-STARTUP-WHITE-001 consulted before promotion; runtime-visible DONE not claimed	PASS	architecture
A8-145	A6-145	a50ee775636e5572f7976f2d1374089741b510b0	carry:A6-145	VR-STARTUP-WHITE-001	src/vr/**|vrhost/**	RISKPATH_MATCH_CONTENT_UNCHANGED	dependency/content identity validated: integration delta 265504f6..a50ee775 contains no src/vr or vrhost runtime-source changes; prior evidence row retained; VR-STARTUP-WHITE-001 consulted before promotion; runtime-visible DONE not claimed	PASS	cross-trace
A8-146	A6-146	a50ee775636e5572f7976f2d1374089741b510b0	carry:A6-146	VR-STARTUP-WHITE-001	src/vr/**|vrhost/**	RISKPATH_MATCH_CONTENT_UNCHANGED	dependency/content identity validated: integration delta 265504f6..a50ee775 contains no src/vr or vrhost runtime-source changes; prior evidence row retained; VR-STARTUP-WHITE-001 consulted before promotion; runtime-visible DONE not claimed	PASS	falsification
A8-147	A6-147	a50ee775636e5572f7976f2d1374089741b510b0	carry:A6-147	VR-STARTUP-WHITE-001	src/vr/**|vrhost/**	RISKPATH_MATCH_CONTENT_UNCHANGED	dependency/content identity validated: integration delta 265504f6..a50ee775 contains no src/vr or vrhost runtime-source changes; prior evidence row retained; VR-STARTUP-WHITE-001 consulted before promotion; runtime-visible DONE not claimed	PASS	architecture
A8-148	A6-148	a50ee775636e5572f7976f2d1374089741b510b0	carry:A6-148	VR-STARTUP-WHITE-001	src/vr/**|vrhost/**	RISKPATH_MATCH_CONTENT_UNCHANGED	dependency/content identity validated: integration delta 265504f6..a50ee775 contains no src/vr or vrhost runtime-source changes; prior evidence row retained; VR-STARTUP-WHITE-001 consulted before promotion; runtime-visible DONE not claimed	PASS	cross-trace
A8-149	A6-149	a50ee775636e5572f7976f2d1374089741b510b0	carry:A6-149	VR-STARTUP-WHITE-001	src/vr/**|vrhost/**	RISKPATH_MATCH_CONTENT_UNCHANGED	dependency/content identity validated: integration delta 265504f6..a50ee775 contains no src/vr or vrhost runtime-source changes; prior evidence row retained; VR-STARTUP-WHITE-001 consulted before promotion; runtime-visible DONE not claimed	PASS	falsification
A8-150	A6-150	a50ee775636e5572f7976f2d1374089741b510b0	carry:A6-150	VR-STARTUP-WHITE-001	src/vr/**|vrhost/**	RISKPATH_MATCH_CONTENT_UNCHANGED	dependency/content identity validated: integration delta 265504f6..a50ee775 contains no src/vr or vrhost runtime-source changes; prior evidence row retained; VR-STARTUP-WHITE-001 consulted before promotion; runtime-visible DONE not claimed	PASS	architecture
