0	화면 위치
1	일반 (4:3)
2	와이드스크린 (16:9)
3	범퍼
4	내부
5	외부
6	km/h
7	mph
8	매우 쉬움
9	쉬움
10	보통
11	어려움
12	매우 어려움
13	영어
14	프랑스어
15	이탈리아어
16	독일어
17	스페인어
18	켜기
19	끄기
20	설정 A
21	설정 B
22	설정 C
23	설정 D
24	설정 E
25	설정 F
26	설정 G
27	설정 H
28	설정 I
29	설정 J
30	설정 K
31	낮음
32	보통
33	높음
34	OutRun 2006: C2C
35	보통
36	무작위
37	온라인
38	오프라인
39	데이터 불러오기
40	자동 저장 켜기
41	자동 저장 끄기
42	게임 설정
43	시점 설정
44	차량 설정
45	무작위
46	게임 시작
47	유형:
48	랭크 매치
49	일반 매치
50	국적:
51	무관
52	미국
53	호주
54	오스트리아
55	벨기에
56	영국
57	캐나다
58	중국
59	덴마크
60	핀란드
61	프랑스
62	독일
63	홍콩
64	이탈리아
65	일본
66	멕시코
67	네덜란드
68	뉴질랜드
69	노르웨이
70	북한
71	대한민국
72	싱가포르
73	스페인
74	스웨덴
75	스위스
76	태국
77	로비 이름:
78	최대 인원:
79	2인
80	3인
81	4인
82	5인
83	6인
84	친구 슬롯:
85	0
86	1개
87	2개
88	3개
89	4개
90	5개
91	모드 유형:
92	레이스
93	녹아웃
94	드리프트
95	슬립스트림
96	동승자
97	차임
98	코스 유형:
99	아웃런
100	골
101	15 코스 연속
102	스페셜
103	코스:
104	무관
105	OUTRUN2
106	OUTRUN2SP
107	무관
108	OUTRUN2 골 A
109	OUTRUN2 골 B
110	OUTRUN2 골 C
111	OUTRUN2 골 D
112	OUTRUN2 골 E
113	OUTRUN2SP 골 A
114	OUTRUN2SP 골 B
115	OUTRUN2SP 골 C
116	OUTRUN2SP 골 D
117	OUTRUN2SP 골 E
118	OUTRUN2 골 A(역방향)
119	OUTRUN2 골 B(역방향)
120	OUTRUN2 골 C(역방향)
121	OUTRUN2 골 D(역방향)
122	OUTRUN2 골 E(역방향)
123	OUTRUN2SP 골 A(역방향)
124	OUTRUN2SP 골 B(역방향)
125	OUTRUN2SP 골 C(역방향)
126	OUTRUN2SP 골 D(역방향)
127	OUTRUN2SP 골 E(역방향)
128	무관
129	팜 비치
130	딥 레이크
131	인더스트리얼 컴플렉스
132	알파인
133	스노 마운틴
134	클라우디 하이랜드
135	캐슬 월
136	고스트 포레스트
137	침엽수림
138	사막
139	튤립 가든
140	메트로폴리스
141	고대 유적
142	케이프 웨이
143	임페리얼 애비뉴
144	비치
145	세쿼이아
146	나이아가라
147	라스베이거스
148	알래스카
149	그랜드 캐니언
150	샌프란시스코
151	아마존
152	마추픽추
153	요세미티
154	마야
155	뉴욕
156	프린스 에드워드
157	플로리다
158	이스터 섬
159	팜 비치 (역방향)
160	딥 레이크 (역방향)
161	인더스트리얼 컴플렉스 (역방향)
162	알파인 (역방향)
163	스노 마운틴 (역방향)
164	클라우디 하이랜드 (역방향)
165	캐슬 월 (역방향)
166	고스트 포레스트 (역방향)
167	침엽수림 (역방향)
168	사막 (역방향)
169	튤립 가든 (역방향)
170	메트로폴리스 (역방향)
171	고대 유적 (역방향)
172	케이프 웨이 (역방향)
173	임페리얼 애비뉴 (역방향)
174	비치 (역방향)
175	세쿼이아 (역방향)
176	나이아가라 (역방향)
177	라스베이거스 (역방향)
178	알래스카 (역방향)
179	그랜드 캐니언 (역방향)
180	샌프란시스코 (역방향)
181	아마존 (역방향)
182	마추픽추 (역방향)
183	요세미티 (역방향)
184	마야 (역방향)
185	뉴욕 (역방향)
186	프린스 에드워드 (역방향)
187	플로리다 (역방향)
188	이스터 섬 (역방향)
189	무관
190	OUTRUN2
191	OUTRUN2SP
192	OUTRUN2 (역방향)
193	OUTRUN2SP (역방향)
194	무관
195	전체 스테이지
196	OUTRUN2 믹스
197	OUTRUN2SP 믹스
198	랩 수:
199	3
200	5
201	10
202	15
203	차량 클래스:
204	자유 선택
205	초급
206	중급
207	프로
208	아웃런
209	차량 유형:
210	자유 선택
211	OUTRUN 2006
212	OUTRUN2SP
213	추격 보정:
214	켜기
215	끄기
216	슬립스트림:
217	켜기
218	끄기
219	충돌:
220	켜기
221	끄기
222	트래픽:
223	없음
224	낮음
225	높음
226	완료
227	유형:
228	무관
229	랭크 매치
230	일반 매치
231	국적:
232	무관
233	미국
234	호주
235	오스트리아
236	벨기에
237	영국
238	캐나다
239	중국
240	덴마크
241	핀란드
242	프랑스
243	독일
244	홍콩
245	이탈리아
246	일본
247	멕시코
248	네덜란드
249	뉴질랜드
250	노르웨이
251	북한
252	대한민국
253	싱가포르
254	스페인
255	스웨덴
256	스위스
257	태국
258	로비 이름:
259	최대 인원:
260	무관
261	2인
262	3인
263	4인
264	5인
265	6인
266	친구 슬롯:
267	무관
268	1개
269	2개
270	3개
271	4개
272	5개
273	모드 유형:
274	무관
275	레이스
276	녹아웃
277	드리프트
278	슬립스트림
279	동승자
280	차임
281	코스 유형:
282	무관
283	아웃런
284	루트 / 믹스
285	골
286	15 코스 연속
287	스페셜
288	코스:
289	무관
290	무관
291	OUTRUN2
292	OUTRUN2SP
293	무관
294	OUTRUN2 골 A
295	OUTRUN2 골 B
296	OUTRUN2 골 C
297	OUTRUN2 골 D
298	OUTRUN2 골 E
299	OUTRUN2SP 골 A
300	OUTRUN2SP 골 B
301	OUTRUN2SP 골 C
302	OUTRUN2SP 골 D
303	OUTRUN2SP 골 E
304	OUTRUN2 골 A(역방향)
305	OUTRUN2 골 B(역방향)
306	OUTRUN2 골 C(역방향)
307	OUTRUN2 골 D(역방향)
308	OUTRUN2 골 E(역방향)
309	OUTRUN2SP 골 A(역방향)
310	OUTRUN2SP 골 B(역방향)
311	OUTRUN2SP 골 C(역방향)
312	OUTRUN2SP 골 D(역방향)
313	OUTRUN2SP 골 E(역방향)
314	무관
315	팜 비치
316	딥 레이크
317	인더스트리얼 컴플렉스
318	알파인
319	스노 마운틴
320	클라우디 하이랜드
321	캐슬 월
322	고스트 포레스트
323	침엽수림
324	사막
325	튤립 가든
326	메트로폴리스
327	고대 유적
328	케이프 웨이
329	임페리얼 애비뉴
330	비치
331	세쿼이아
332	나이아가라
333	라스베이거스
334	알래스카
335	그랜드 캐니언
336	샌프란시스코
337	아마존
338	마추픽추
339	요세미티
340	마야
341	뉴욕
342	프린스 에드워드
343	플로리다
344	이스터 섬
345	팜 비치 (역방향)
346	딥 레이크 (역방향)
347	인더스트리얼 컴플렉스 (역방향)
348	알파인 (역방향)
349	스노 마운틴 (역방향)
350	클라우디 하이랜드 (역방향)
351	캐슬 월 (역방향)
352	고스트 포레스트 (역방향)
353	침엽수림 (역방향)
354	사막 (역방향)
355	튤립 가든 (역방향)
356	메트로폴리스 (역방향)
357	고대 유적 (역방향)
358	케이프 웨이 (역방향)
359	임페리얼 애비뉴 (역방향)
360	비치 (역방향)
361	세쿼이아 (역방향)
362	나이아가라 (역방향)
363	라스베이거스 (역방향)
364	알래스카 (역방향)
365	그랜드 캐니언 (역방향)
366	샌프란시스코 (역방향)
367	아마존 (역방향)
368	마추픽추 (역방향)
369	요세미티 (역방향)
370	마야 (역방향)
371	뉴욕 (역방향)
372	프린스 에드워드 (역방향)
373	플로리다 (역방향)
374	이스터 섬 (역방향)
375	무관
376	OUTRUN2
377	OUTRUN2SP
378	OUTRUN2 (역방향)
379	OUTRUN2SP (역방향)
380	무관
381	전체 스테이지
382	OUTRUN2 믹스
383	OUTRUN2SP 믹스
384	랩 수:
385	무관
386	3
387	5
388	10
389	15
390	차량 클래스:
391	무관
392	자유 선택
393	초급
394	중급
395	프로
396	아웃런
397	차량 유형:
398	무관
399	자유 선택
400	OUTRUN 2006
401	OUTRUN2SP
402	추격 보정:
403	무관
404	켜기
405	끄기
406	슬립스트림:
407	무관
408	켜기
409	끄기
410	충돌:
411	무관
412	켜기
413	끄기
414	트래픽:
415	무관
416	없음
417	낮음
418	높음
419	검색
420	차량:
421	F50
422	DINO 246 GTS
423	288 GTO
424	512 BB
425	365 GTS/4 DAYTONA
426	ENZO FERRARI
427	TESTAROSSA
428	360 SPIDER
429	F40
430	250 GTO
431	F355 SPIDER
432	328 GTS
433	F430
434	550 BARCHETTA
435	SUPERAMERICA
436	F50 (OR)
437	DINO 246 GTS (OR)
438	288 GTO (OR)
439	512 BB (OR)
440	365 GTS/4 DAYTONA (OR)
441	ENZO FERRARI (OR)
442	TESTAROSSA (OR)
443	360 SPIDER (OR)
444	F40 (OR)
445	250 GTO (OR)
446	F355 SPIDER (OR)
447	328 GTS (OR)
448	F430 SPIDER (OR)
449	550 BARCHETTA (OR)
450	SUPERAMERICA (OR)
451	변속기:
452	AT
453	MT
454	핸들링:
455	OutRun2
456	OutRun2SP
457	색상:
458	빨강
459	노랑
460	검정
461	흰색
462	은색
463	초록
464	하늘색
465	진한 파랑
466	라디오:
467	SPLASH WAVE
468	MAGICAL SOUND SHOWER
469	PASSING BREEZE
470	RISKY RIDE
471	SHINY WORLD
472	NIGHT FLIGHT
473	LIFE WAS A BORE
474	RADIATION
475	NIGHT BIRD
476	SPLASH WAVE -1986-
477	MAGICAL SOUND SHOWER -1986-
478	PASSING BREEZE -1986-
479	SHAKE THE STREET -1989-
480	RUSH A DIFFICULTY -1989-
481	WHO ARE YOU -1989-
482	KEEP YOUR HEART -1989-
483	SPLASH WAVE -EURO REMIX-
484	MAGICAL SOUND SHOWER -EURO REMIX-
485	PASSING BREEZE -EURO REMIX-
486	RISKY RIDE -GUITAR MIX -
487	SHAKE THE STREET
488	WHO ARE YOU?
489	RUSH A DIFFICULTY
490	KEEP YOUR HEART
491	SHINY WORLD -PROTOTYPE-
492	NIGHT FLIGHT -PROTOTYPE-
493	LIFE WAS A BORE -INSTRUMENTAL-
494	NIGHT FLIGHT -INSTRUMENTAL-
495	세션을 찾지 못했습니다!
496	세션을 찾지 못했습니다. 새 세션을 만들까요?
497	예
498	아니요
499	확인
500	주의! 아직 레이스 중인 플레이어가 있습니다.
501	주의! 설정을 변경 중인 플레이어가 있습니다. 그래도 게임을 시작할까요?
502	주의! 이전 레이스에서 아직 돌아오는 중인 플레이어가 있습니다. 그래도 게임을 시작할까요?
503	메모리 카드 슬롯 1의 PlayStation®2용 메모리 카드(8MB)를 확인 중입니다. 메모리 카드(8MB)나 컨트롤러를 빼거나 본체를 리셋/전원 종료하지 마십시오.
504	OutRun 2006: Coast 2 Coast는 자동 저장 기능을 사용합니다. 이 지점 이후 메모리 카드 슬롯 1에 PlayStation®2용 메모리 카드(8MB)를 삽입하면 게임 데이터가 덮어써질 수 있습니다.
505	메모리 카드 슬롯 1의 PlayStation®2용 메모리 카드(8MB)에 여유 공간이 부족합니다. 최소 %d KB의 여유 공간이 있는 메모리 카드를 삽입하거나 본체 브라우저에서 공간을 확보하십시오.
506	메모리 카드 슬롯 1에서 PlayStation®2용 메모리 카드(8MB)를 찾을 수 없습니다. 게임 데이터를 저장하려면 %d KB의 여유 공간이 있는 메모리 카드(8MB)가 필요합니다.
507	메모리 카드 슬롯 1의 PlayStation®2용 메모리 카드(8MB)에 OutRun 2006: Coast 2 Coast 게임 데이터가 없습니다.
508	메모리 카드(8MB) 오류! 메모리 카드 슬롯 1의 PlayStation®2용 메모리 카드(8MB)를 확인한 뒤 다시 시도하십시오.
509	PlayStation®2용 메모리 카드(8MB)가 제거되었습니다.
510	메모리 카드 슬롯 1의 PlayStation®2용 메모리 카드(8MB)에 있는 게임 데이터가 손상되었을 수 있습니다.
511	메모리 카드 슬롯 1의 PlayStation®2용 메모리 카드(8MB)에 있는 게임 데이터가 손상되었을 수 있습니다. 손상된 게임 데이터를 덮어쓰시겠습니까?
512	메모리 카드 슬롯 1에서 PlayStation®2용 메모리 카드(8MB)를 찾을 수 없습니다. 게임 데이터를 저장하려면 %d KB의 여유 공간이 있는 메모리 카드(8MB)가 필요합니다.
513	메모리 카드 슬롯 1의 PlayStation®2용 메모리 카드(8MB)에 공간이 부족합니다. 게임 데이터를 저장하려면 %d KB의 여유 공간이 필요합니다.
514	저장했습니다.
515	메모리 카드 슬롯 1의 PlayStation®2용 메모리 카드(8MB)에 OutRun 2006: Coast 2 Coast 게임 데이터를 생성하시겠습니까?
516	메모리 카드 슬롯 1의 PlayStation®2용 메모리 카드(8MB)가 포맷되지 않았습니다. 지금 포맷하시겠습니까?
517	게임 데이터를 불러오는 중입니다. 메모리 카드 슬롯 1의 PlayStation®2용 메모리 카드(8MB)나 컨트롤러를 빼거나 본체를 리셋/전원 종료하지 마십시오.
518	데이터를 저장하는 중입니다. 메모리 카드 슬롯 1의 PlayStation®2용 메모리 카드(8MB)나 컨트롤러를 빼거나 본체를 리셋/전원 종료하지 마십시오.
519	불러오기에 실패했습니다! 메모리 카드 슬롯 1의 PlayStation®2용 메모리 카드(8MB)를 확인하고 다시 시도하십시오.
520	저장에 실패했습니다! 메모리 카드 슬롯 1의 PlayStation®2용 메모리 카드(8MB)를 확인하고 다시 시도하십시오.
521	포맷에 실패했습니다! 메모리 카드 슬롯 1의 PlayStation®2용 메모리 카드(8MB)를 확인하고 다시 시도하십시오.
522	게임 데이터를 자동 저장 중입니다. 메모리 카드 슬롯 1의 PlayStation®2용 메모리 카드(8MB)나 컨트롤러를 빼거나 본체를 리셋/전원 종료하지 마십시오.
523	메모리 카드 슬롯 1의 PlayStation®2용 메모리 카드(8MB)를 포맷 중입니다. 메모리 카드(8MB)나 컨트롤러를 빼거나 본체를 리셋/전원 종료하지 마십시오.
524	포맷했습니다.
525	불러오기에 실패했습니다! 메모리 카드 슬롯 1의 PlayStation®2용 메모리 카드(8MB)에 있는 게임 데이터가 손상되었을 수 있습니다. 메모리 카드를 확인하고 다시 시도하십시오.
526	다시 시도
527	취소
528	계속
529	저장하지 않고 계속
530	메모리 카드 포맷
531	예
532	아니요
533	PlayStation®2용 메모리 카드(8MB)가 변경되었습니다. 메모리 카드 슬롯 1의 메모리 카드에 자동 저장을 계속하시겠습니까?
534	메모리 카드 슬롯 1의 PlayStation®2용 메모리 카드(8MB)에 기존 게임 데이터가 있습니다. 덮어쓰시겠습니까? (주의! 기존 게임 데이터가 덮어써질 수 있습니다.)
535	덮어쓰기
536	새 라이선스 만들기
537	OR2C2C
538	싱글 플레이
539	총 주행 시간:
540	주행 거리:
541	OutRun 마일:
542	총 아이템:
543	Coast 2 Coast:
544	레이스 미션:
545	하트 미션:
546	OutRun
547	하트 어택:
548	레이스 어택:
549	타임 어택:
550	드리프트 어택:
551	라운드 01
552	라운드 02
553	라운드 03
554	라운드 04
555	라운드 05
556	요청
557	특별 요청 01
558	특별 요청 02
559	특별 요청 03
560	특별 요청 04
561	평균 랭크
562	메모리 카드 슬롯 1의 PlayStation®2용 메모리 카드(8MB) 상태가 변경되었습니다. 현재 저장 데이터가 들어 있는 메모리 카드(8MB)를 삽입하십시오.
563	라이선스 선택
564	라이선스 초기화
565	라이선스 복사
566	라이선스 병합
567	라이선스 편집
568	오류 없음
569	네트워크 초기화에 실패했습니다!
570	연결 오류가 발생했습니다. WLAN 스위치가 꺼져 있습니다.
571	인터넷 연결을 찾을 수 없습니다.
572	사용 가능한 네트워크 연결이 없습니다. 네트워크 설정 파일과 케이블을 확인하십시오.
573	이 게임 세션은 더 이상 사용할 수 없습니다.
574	세션에서 강제 퇴장되었습니다.
575	강제 퇴장되었으며 이 매치에 다시 참가할 수 없습니다.
576	이 게임 세션은 더 이상 사용할 수 없습니다.
577	이 게임 세션은 더 이상 사용할 수 없습니다.
578	이 게임 세션은 더 이상 사용할 수 없습니다.
579	세션 생성에 실패했습니다.
580	세션 취소에 실패했습니다.
581	세션을 찾을 수 없습니다. 이미 종료되었을 수 있습니다.
582	로비 이름에 부적절한 문구가 포함되어 있습니다. 로비 이름을 수정하십시오.
583	세션 참가 중 오류가 발생했습니다.
584	중복 로그인이 감지되었습니다. 이 사용자는 이미 로그인되어 있습니다.
585	로그온 서버가 혼잡합니다.
586	로그온 서비스 인증이 허용되지 않았습니다.
587	로그온 서비스를 일시적으로 사용할 수 없습니다.
588	Xbox Live 접속 중 오류가 발생했습니다.
589	피드백 전송에 실패했습니다.
590	사용자를 음소거 목록에 추가하지 못했습니다.
591	세션 검색에 실패했습니다.
592	친구 목록 업데이트에 실패했습니다.
593	친구에게 메시지를 보내지 못했습니다.
594	메시지에 부적절한 문구가 포함되어 있습니다. 문구를 수정한 뒤 다시 시도하십시오.
595	초대 취소에 실패했습니다.
596	초대 응답에 실패했습니다.
597	친구 목록에 추가하지 못했습니다.
598	이미 친구인 사용자입니다.
599	이미 이 사용자에게 친구 요청을 보냈습니다.
600	친구 목록에서 삭제하지 못했습니다.
601	친구 목록 불러오기에 실패했습니다.
602	친구 초대 응답에 실패했습니다.
603	게임 초대에 실패했습니다.
604	친구 목록 업데이트에 실패했습니다.
605	네트플레이 로그아웃에 실패했습니다.
606	로그인 실패
607	새 계정 생성에 실패했습니다. 네트워크 연결이 끊어졌습니다.
608	계정 삭제에 실패했습니다.
609	비밀번호 변경에 실패했습니다.
610	계정 인증에 실패했습니다.
611	이미 존재하는 계정입니다. 다른 사용자 이름으로 다시 시도하십시오.
612	부적절한 사용자 이름입니다. 다른 사용자 이름으로 다시 시도하십시오.
613	비밀번호가 올바르지 않습니다. 다시 시도하십시오.
614	온라인 스코어보드에 접속하는 중 오류가 발생했습니다.
615	Xbox Live 스코어보드에 접속하는 중 오류가 발생했습니다.
616	고스트 업로드에 실패했습니다.
617	네트워크가 혼잡합니다.
618	네트워크 오류.
619	네트워크 설정 파일을 찾을 수 없습니다. 네트워크 설정 파일을 만들려면 Network Access Disc를 사용하십시오.
620	PlayStation®2용 네트워크 어댑터(이더넷/모뎀)를 감지할 수 없습니다.
621	친구 초대에 실패했습니다. 자기 자신은 친구로 추가할 수 없습니다.
622	친구 목록이 가득 찼습니다.
623	이미 친구인 사용자입니다.
624	사용자를 찾을 수 없습니다.
625	입력한 게이머태그를 찾을 수 없습니다.
626	친구 목록에 추가하지 못했습니다.
627	친구 목록에서 삭제하지 못했습니다.
628	온라인 서비스와의 연결이 끊어졌습니다.
629	다른 사용자가 같은 계정으로 로그인하여 온라인 서비스 연결이 끊어졌습니다.
630	사용 가능한 네트워크 연결이 없습니다. 케이블을 확인하십시오.
631	시스템 링크 케이블이 분리되었을 수 있습니다. 케이블을 확인하고 다시 시도하십시오.
632	Xbox 본체에서 Xbox Live에 연결할 수 없습니다. A를 눌러 문제 해결사를 시작하거나 B를 눌러 취소하십시오.
633	연결 오류가 발생했습니다.
634	연결 오류가 발생했습니다. WLAN 스위치가 꺼져 있습니다.
635	WLAN 스위치가 꺼져 있습니다. 연결하려면 WLAN 스위치를 켜십시오.
636	세션과의 연결이 끊어졌습니다.
637	세션과의 연결이 끊어졌습니다.
638	Xbox Live 서비스에 필수 업데이트가 있습니다. 업데이트를 설치하기 전에는 Xbox Live에 연결할 수 없습니다. 지금 업데이트하시겠습니까?
639	Xbox Live 서비스가 혼잡합니다. 다시 시도하시겠습니까?
640	다른 사용자가 같은 계정으로 로그인하여 Xbox Live에서 로그아웃되었습니다.
641	이 게임 세션은 더 이상 사용할 수 없습니다.
642	Xbox 본체에서 Xbox Live에 연결할 수 없습니다. 문제 해결사를 시작하시겠습니까?
643	이 계정은 최신 상태가 아닙니다. 계정 복구에서 계정을 업데이트하시겠습니까?
644	Xbox Live 계정에 확인하지 않은 메시지가 있습니다. 지금 보시겠습니까?
645	Xbox Live에서 중요한 메시지가 도착했습니다. 지금 보시겠습니까?
646	Xbox Live 계정 제한으로 이 기능을 사용할 수 없습니다.
647	온라인
648	오프라인
649	플레이 중:
650	친구가 되고 싶어 합니다.
651	친구 요청을 보냈습니다.
652	계속하려면 %s을(를) 누르십시오.
653	%s님이 친구 요청을 수락했습니다.
654	%s님이 친구 요청을 거절했습니다.
655	%s님의 초대를 수락하시겠습니까?
656	%s Xbox 게임 디스크를 삽입하십시오.
657	이 교차 게임 초대에 사용할 적절한 Xbox Live 사용자 계정을 찾을 수 없습니다.
658	%s님의 게임에 참가하시겠습니까? 참가하면 현재 진행 상황이 모두 사라집니다.
659	%s 플레이 초대를 받았습니다. 현재 게임이 종료되고 저장하지 않은 진행 상황이 모두 사라집니다. 게임 초대를 수락하시겠습니까?
660	Xbox Dashboard 플레이 초대를 받았습니다. 현재 게임이 종료되고 저장하지 않은 진행 상황이 모두 사라집니다. 음성 채팅 초대를 수락하시겠습니까?
661	선택
662	뒤로
663	친구
664	로그인
665	로그아웃
666	라이선스
667	색상
668	무작위
669	OUTRUN2
670	OUTRUN2SP
671	사운드 밸런스
672	음악 변경
673	XBOX LIVE
674	XBOX LIVE / AT
675	XBOX LIVE / MT
676	온라인
677	친구
678	로컬
679	로컬 / AT
680	로컬 / MT
681	국가
682	내 순위
683	오프라인
684	필터
685	기본값
686	편집
687	삭제
688	새로고침
689	XBOX LIVE
690	일반 AT
691	일반 MT
692	튜닝 AT
693	튜닝 MT
694	이 라이선스는 PSP®(PlayStation®Portable)로 전송되었습니다. 라이선스를 다시 활성화할 수 있지만, PSP®에서 다시 전송하면 현재 라이선스가 덮어써집니다. 다시 활성화하시겠습니까? X: 활성화 / ○: 취소
695	이 라이선스는 PlayStation®2로 전송되었습니다. 라이선스를 다시 활성화할 수 있지만, PlayStation®2에서 다시 전송하면 현재 라이선스가 덮어써집니다. 다시 활성화하시겠습니까? X: 활성화 / ○: 취소
696	USB 연결
697	USB 연결
698	메모리 카드 슬롯 1에 PlayStation®2용 메모리 카드(8MB)가 없습니다. OutRun 2006: Coast 2 Coast 게임 데이터가 들어 있는 메모리 카드(8MB)를 삽입하고 다시 시도하십시오.
699	메모리 카드 슬롯 1의 PlayStation®2용 메모리 카드(8MB)에 OutRun 2006: Coast 2 Coast 게임 데이터가 없습니다. 게임 데이터를 전송할 수 없습니다.
700	PSP®(PlayStation®Portable)를 찾을 수 없습니다.
701	PSP®(PlayStation®Portable)를 연결 모드로 설정하십시오.
702	PSP®(PlayStation®Portable)를 기다리는 중입니다.
703	취소
704	Memory Stick Duo®가 없습니다. OutRun 2006: Coast 2 Coast 데이터가 들어 있는 Memory Stick Duo®를 삽입하고 다시 시도하십시오.
705	Memory Stick Duo®에 OutRun 2006: Coast 2 Coast 라이선스 데이터가 없습니다. 데이터를 전송할 수 없습니다.
706	PlayStation®2를 찾을 수 없습니다.
707	PlayStation®2를 연결 모드로 설정하십시오.
708	PlayStation®2를 기다리는 중입니다.
709	USB로 PlayStation®2에 연결되었습니다. 잠시 기다리십시오.
710	○ - 취소
711	PSP®(PlayStation®Portable)에서 라이선스 가져오기
712	PSP®(PlayStation®Portable)로 라이선스 보내기
713	PSP®(PlayStation®Portable) 연결 해제
714	현재 라이선스를 전송했습니다. 계속 플레이하려면 다른 라이선스를 선택하십시오. X를 눌러 계속합니다.
715	이 라이선스는 이미 PlayStation®2에서 활성화되어 있습니다. 전송하면 PlayStation®2용 메모리 카드(8MB)의 기존 라이선스를 덮어씁니다(게임 진행 상황이 사라질 수 있습니다). 계속하시겠습니까? X: 계속 / ○: 취소
716	PlayStation®2에 빈 라이선스 슬롯이 없어 새 라이선스를 만들 수 없습니다. 전송을 중단합니다.
717	USB로 데이터를 전송 중입니다. USB 케이블을 분리하거나 본체를 리셋/전원 종료하지 마십시오.
718	USB로 데이터를 전송 중입니다. USB 케이블을 분리하거나 시스템 전원을 끄지 마십시오.
719	라이선스를 전송했습니다.
720	이 라이선스는 이미 PSP®(PlayStation®Portable)에서 활성화되어 있습니다. 전송하면 Memory Stick Duo®의 기존 라이선스를 덮어씁니다(게임 진행 상황이 사라질 수 있습니다). 계속하시겠습니까? X: 계속 / ○: 취소
721	PSP®(PlayStation®Portable)에 빈 라이선스 슬롯이 없어 새 라이선스를 만들 수 없습니다. 전송을 중단합니다.
722	USB 케이블이 분리되었습니다. 연결을 종료합니다.
723	PSP®(PlayStation®Portable)에서 Memory Stick Duo®가 제거되었습니다. 연결을 종료합니다.
724	Memory Stick Duo®가 제거되었습니다. 연결을 종료합니다.
725	PlayStation®2용 메모리 카드(8MB)가 제거되었습니다. 연결을 종료합니다.
726	PlayStation®2에서 메모리 카드(8MB)가 제거되었습니다. 연결을 종료합니다.
727	PSP®(PlayStation®Portable)로 라이선스 복사
728	PSP®(PlayStation®Portable)에서 라이선스 복사
729	라이선스를 병합하고 마일을 PlayStation®2로 복사
730	라이선스를 병합하고 마일을 PSP®(PlayStation®Portable)로 복사
731	USB로 데이터를 병합 중입니다. USB 케이블을 분리하거나 본체를 리셋/전원 종료하지 마십시오.
732	USB로 데이터를 병합 중입니다. USB 케이블을 분리하거나 시스템 전원을 끄지 마십시오.
733	라이선스를 병합했습니다.
734	초급 레이스 1
735	초급 레이스 2
736	초급 레이스 3
737	초급 레이스 4
738	초급 레이스 5
739	중급 레이스 1
740	중급 레이스 2
741	중급 레이스 3
742	중급 레이스 4
743	중급 레이스 5
744	중급 레이스 6
745	중급 레이스 7
746	중급 레이스 8
747	중급 레이스 9
748	프로 레이스 1
749	프로 레이스 2
750	프로 레이스 3
751	프로 레이스 4
752	프로 레이스 5
753	프로 레이스 6
754	프로 레이스 7
755	프로 레이스 8
756	프로 레이스 9
757	프로 레이스 10
758	프로 레이스 11
759	OutRun 레이스 1
760	OutRun 레이스 2
761	OutRun 레이스 3
762	OutRun 레이스 4
763	OutRun 레이스 5
764	OutRun 레이스 6
765	OutRun 레이스 7
766	OutRun 레이스 8
767	OutRun 레이스 9
768	OutRun 레이스 10
769	OutRun 레이스 11
770	OutRun 레이스 12
771	OutRun 레이스 13
772	OutRun 레이스 14
773	OutRun 레이스 15
774	제니퍼
775	클라리사
776	플래그맨
777	홀리
778	Memory Stick Duo®가 없습니다.
779	Memory Stick Duo®가 없습니다. 게임 데이터를 저장하려면 %d KB가 필요합니다.
780	Memory Stick Duo®에 게임 데이터가 없습니다. Memory Stick Duo®에 게임 데이터를 생성하시겠습니까?
781	Memory Stick Duo®에 게임 데이터가 없습니다.
782	저장 공간이 부족합니다. 게임 데이터를 저장하려면 %d KB가 필요합니다. 저장 데이터 중 일부를 선택해 삭제하시겠습니까, 아니면 저장하지 않고 계속하시겠습니까?
783	Memory Stick Duo®가 변경되었습니다. 새 Memory Stick Duo®에 게임 데이터를 생성하시겠습니까?
784	Memory Stick Duo®가 변경되었고 기존 게임 데이터가 있습니다. 덮어쓰시겠습니까, 아니면 저장하지 않고 계속하시겠습니까? (기존 데이터가 덮어써집니다.)
785	Memory Stick Duo®가 없습니다. 계속하려면 X를 누르십시오.
786	Memory Stick Duo®에 게임 데이터가 없습니다. 계속하려면 X를 누르십시오.
787	Memory Stick Duo®의 데이터는 이미 불러왔습니다. 불러오기를 취소합니다.
788	Memory Stick Duo®에서 데이터를 불러오시겠습니까? 저장하지 않은 진행 상황은 사라집니다!
789	저장 실패. Memory Stick Duo®가 제거되었습니다.
790	저장 실패. Memory Stick Duo®가 잠겨 있습니다.
791	불러오기 실패. Memory Stick Duo®가 제거되었습니다.
792	불러오기 실패. 저장 데이터가 손상되었습니다. 저장 데이터를 덮어쓰시겠습니까?
793	Memory Stick Duo®를 확인 중입니다. Memory Stick Duo®를 제거하거나 시스템 전원을 끄지 마십시오.
794	불러오는 중입니다. Memory Stick Duo®를 제거하거나 시스템 전원을 끄지 마십시오.
795	Memory Stick Duo® 접근 오류.
796	불러오기 오류!
797	저장 중입니다. Memory Stick Duo®를 제거하거나 시스템 전원을 끄지 마십시오.
798	저장 오류!
799	Memory Stick Duo®의 데이터가 손상되었습니다. 저장 데이터 중 일부를 선택해 삭제하시겠습니까?
800	덮어쓰기
801	취소
802	다시 시도
803	불러오기 취소
804	계속
805	저장하지 않고 계속
806	불러오지 않고 계속
807	게임 데이터 불러오기
808	삭제
809	게임 데이터 생성
810	이 게임은 특정 시점에 Memory Stick Duo®에 자동으로 접근합니다. Memory Stick Duo® 접근 표시등이 깜빡이는 동안에는 Memory Stick Duo®를 제거하거나 시스템 전원을 끄지 마십시오.
811	이 차량은 사용할 수 없습니다.
812	이 차량은 아직 선택할 수 없습니다. 잠금을 해제하려면 싱글 플레이 메뉴의 쇼룸에서 차량을 구입하십시오.
813	색상
814	사운드 밸런스
815	화면 모드를 선택하십시오.
816	50Hz
817	60Hz - 테스트
818	60Hz 프로그레시브(480P) - 테스트
819	60Hz
820	60Hz로 전환하면 화면이 정상적으로 표시되지 않을 수 있습니다. 문제가 있으면 15초 기다리면 원래 화면 설정으로 자동 복귀합니다.
821	60Hz 프로그레시브(480P)로 전환하면 화면이 정상적으로 표시되지 않을 수 있습니다. 문제가 있으면 15초 기다리면 원래 화면 설정으로 자동 복귀합니다.
822	현재 화면은 60Hz 모드입니다. 이 화면 모드를 유지하시겠습니까? (응답이 없으면 %d초 후 원래 화면 모드로 돌아갑니다.)
823	현재 화면은 60Hz 프로그레시브(480P) 모드입니다. 이 화면 모드를 유지하시겠습니까? (응답이 없으면 %d초 후 원래 화면 모드로 돌아갑니다.)
824	컨트롤러를 다시 연결한 뒤 START를 눌러 계속하십시오.
825	컨트롤러가 제거되었습니다.
826	컨트롤러를 감지할 수 없습니다. 컨트롤러 포트 1에 컨트롤러를 연결하십시오.
827	컨트롤러 연결 끊김
828	XBOX LIVE 암호를 입력하십시오.
829	Xbox Live 암호를 입력하십시오.
830	받는 사람:
831	메시지 보내기
832	%s님과 친구가 되시겠습니까?
833	%s님의 멀티플레이 세션에 참가하시겠습니까?
834	이 고스트 차량을 다운로드해 대결하시겠습니까?
835	총 플레이어: %d
836	랭크: %d
837	플레이어 수 부족!
838	네트워크 게임을 시작하려면 최소 2명이 필요합니다.
839	시작하려면 최소 2명이 필요합니다.
840	플레이어 옵션
841	이 플레이어의 라이선스 정보를 봅니다.
842	이 플레이어의 음성을 음소거합니다.
843	이 플레이어를 게임 세션에서 강제 퇴장시킵니다.
844	디스크가 제거되었습니다. 디스크를 다시 삽입하십시오.
845	PSP®Game이 제거되었습니다. PSP®Game을 다시 삽입하십시오.
846	사용 중인 디스크에 문제가 있습니다. 디스크가 더럽거나 손상되었을 수 있습니다.
847	라이벌과 레이스!
848	녹아웃을 피하라!
849	드리프트 실력을 시험하라!
850	슬립스트림 실력을 시험하라!
851	여자친구를 놓치지 마라!
852	계속 차량을 추월하라!
853	더 많이 드리프트하라!
854	충돌하지 마라!
855	파란 콘을 맞혀라!
856	코인을 모아라!
857	게이트를 통과하라!
858	호송 차량을 추월하라!
859	고스트를 맞혀라!
860	선을 끊어라!
861	빨간색을 통과하라!
862	초록색을 통과하라!
863	파란색을 통과하라!
864	라인을 유지하라!
865	제한 속도보다 빠르게 달려라!
866	차량 뒤에서 슬립스트림하라!
867	차량을 제어하라!
868	비치볼을 드리블하라!
869	경적을 울려라!
870	지퍼를 맞혀라!
871	여자아이에게 먹이를 줘라!
872	오리를 맞혀라!
873	운석을 피해라!
874	차량을 맞혀라!
875	명소를 촬영하라!
876	UFO를 피해라!
877	합계를 맞혀라!
878	선물 개수를 세어라!
879	순서를 기억하라!
880	소리를 맞혀라!
881	계산하라!
882	양의 수를 세어라!
883	다른 하나를 찾아라!
884	Xbox Live에서 로그아웃하시겠습니까?
885	로그아웃하시겠습니까?
886	없음
887	익명
888	카툰
889	거구
890	어린이
891	로봇
892	다크 로드
893	속삭임
894	끄기
895	Xbox Communicator
896	스피커로 음성 출력
897	코스를 주행해 미션을 잠금 해제하세요!
898	초급 레이스에 도전하세요
899	중급 레이스에 도전하세요
900	프로 레이스에 도전하세요
901	OutRun 레이스에 도전하세요
902	완벽합니다! 초급 레이스 완료!
903	완벽합니다! 중급 레이스 완료!
904	완벽합니다! 프로 레이스 완료!
905	완벽합니다! OutRun 레이스 완료!
906	잠금 해제 조건: 플래그맨 1 평균 랭크 A
907	잠금 해제 조건: 플래그맨 2 평균 랭크 A
908	잠금 해제 조건: 플래그맨 3 평균 랭크 A
909	트래픽 요청을 달성해\n클라리사에게 좋은 인상을 주세요!
910	테크닉 요청을 달성해\n제니퍼에게 좋은 인상을 주세요!
911	퍼즐 요청을 달성해\n홀리에게 좋은 인상을 주세요!
912	퍼즐 요청을 달성해\n홀리에게 좋은 인상을 주세요!
913	완벽합니다! 클라리사가 아주 기뻐합니다!
914	완벽합니다! 제니퍼가 당신의 테크닉을 좋아합니다!
915	완벽합니다! 홀리가 당신의 센스를 마음에 들어 합니다!
916	완벽합니다! 홀리가 전율하고 있습니다!
917	잠금 해제 조건: 클라리사 평균 랭크 A
918	잠금 해제 조건: 제니퍼 평균 랭크 A
919	PSP®(PlayStation®Portable)에서 Mix 01을 플레이하세요!\n여기서 상태를 확인할 수 있습니다!
920	PlayStation®2에서 Mix 02를 플레이하세요!\n여기서 상태를 확인할 수 있습니다!
921	로그인
922	새 계정 등록
923	계정 삭제
924	플레이어 목록
925	친구 목록
926	피드백 남기기
927	친구 요청
928	친구 옵션
929	플레이어 옵션
930	OptiMatch 설정
931	커스텀 게임 설정
932	커스텀 게임 설정
933	아이템 구매
934	라이선스 옵션
935	확실합니까?
936	지금 게임을 나가면 이 세션이 종료됩니다. 정말 나가시겠습니까?
937	이름이 승인되었습니다.
938	계정 이름은 최소 %d자 이상이어야 합니다.
939	주의: 계정 이름에는 공백을 사용할 수 없습니다.
940	비밀번호가 승인되었습니다.
941	계정 비밀번호는 최소 %d자 이상이어야 합니다.
942	주의: 계정 비밀번호에는 공백을 사용할 수 없습니다.
943	온라인 계정 이름을 입력하십시오(최소 %d자).
944	온라인 계정 비밀번호를 입력하십시오(최소 %d자).
945	위에 입력한 정보로 계정을 생성합니다.
946	계정을 생성하려면 계정 이름과 비밀번호를 입력하십시오.
947	플래그맨이 감탄했습니다!
948	플래그맨 2를 사용할 수 있습니다!
949	플래그맨이 크게 감탄했습니다!
950	플래그맨 3을 사용할 수 있습니다!
951	플래그맨이 아주 기뻐합니다!
952	플래그맨 4를 사용할 수 있습니다!
953	플래그맨이 전율하고 있습니다!
954	레이스 미션을 통과했습니다.\n모두 완벽하게 클리어할 수 있을까요?!
955	클라리사가 아주 기뻐합니다!
956	제니퍼를 사용할 수 있습니다!
957	제니퍼가 당신의 테크닉을 좋아합니다!
958	홀리를 사용할 수 있습니다!
959	홀리가 당신의 센스를 마음에 들어 합니다!
960	Coast 2 Coast를 클리어했습니다
961	완벽하게 클리어할 수 있을까요?
962	당신은\nCoast 2 Coast\n챔피언입니다!
963	Xbox에 게임 저장 공간이 부족합니다. %d개의 블록이 더 필요합니다. A를 눌러 공간을 확보하거나 B를 눌러 취소하십시오.
964	수락
965	로그인에 실패했습니다.
966	메모리 카드 슬롯 1의 PlayStation®2용 메모리 카드(8MB) 상태가 변경되었습니다. 이 메모리 카드를 계속 사용하시겠습니까?
967	고스트 차량과 점수 데이터를 멀티플레이 랭킹에 추가하시겠습니까?
968	고스트 차량과 점수 데이터를 온라인 스코어보드에 업로드하시겠습니까?
969	랭킹 업데이트
970	연결이 끊어졌습니다.
971	게임을 나갔습니다.
972	로비로 돌아왔습니다.
973	%s님에 대한 피드백을 남기시겠습니까?
974	PSP®Game이 제거되었습니다. PSP®Game을 다시 삽입하십시오.
975	디스크가 제거되었습니다. 로비로 돌아갑니다.
976	님이 게임에 참가했습니다.
977	저장 데이터가 손상되어 사용할 수 없습니다. 계속하려면 A를 누르십시오.
978	정말 종료하시겠습니까? 고스트 데이터가 사라집니다!
979	네트워크 설정 파일을 선택하십시오.
980	LAN 또는 온라인 게임에서 사용할 네트워크 설정을 다음 중에서 선택하십시오.
981	계정 로그인
982	계정에 로그인하려면 계정 이름과 비밀번호를 입력하십시오.
983	라이벌
984	아래 정보로 계정에 로그인합니다.
985	로컬
986	원격
987	로컬 및 원격
988	DNAS 오류 (-101)\n\n네트워크 인증 서버가 혼잡합니다. 나중에 다시 시도하십시오.
989	DNAS 오류 (-102)\n\n이 소프트웨어 타이틀은 서비스 중이 아닙니다.\n\n오류 코드 번호를 적어 두고 SCEK(02-6677-7771)로 문의하십시오.
990	DNAS 오류 (-103)\n\n이 소프트웨어 타이틀은 서비스 중이 아닙니다.\n\n오류 코드 번호를 적어 두고 SCEK(02-6677-7771)로 문의하십시오.
991	DNAS 오류 (-104)\n\n네트워크 인증 서버가 서비스 중이 아닙니다.\n\n오류 코드 번호를 적어 두고 SCEK(02-6677-7771)로 문의하십시오.
992	DNAS 오류 (-105)\n\n네트워크 인증 서버 연결 시간이 초과되었습니다. 나중에 다시 시도하십시오.\n\n같은 문제가 계속되면 소프트웨어 설명서에 안내된 지역 PlayStation 고객지원 센터로 문의하십시오.
993	DNAS 오류 (-106)\n\n네트워크 인증 시스템 오류가 발생했습니다.\n\n오류 코드 번호를 적어 두고 SCEK(02-6677-7771)로 문의하십시오.
994	DNAS 오류 (-107)\n\n네트워크 인증 시스템 오류가 발생했습니다.\n\n오류 코드 번호를 적어 두고 SCEK(02-6677-7771)로 문의하십시오.
995	DNAS 오류 (-108)\n\n네트워크 인증 시스템 오류가 발생했습니다.\n\n오류 코드 번호를 적어 두고 SCEK(02-6677-7771)로 문의하십시오.
996	DNAS 오류 (-110)\n\n네트워크 인증 서버가 혼잡합니다.\n\n나중에 다시 시도하십시오.
997	DNAS 오류 (-401)\n\nPlayStation®2 하드웨어 정보 오류가 발생했습니다.\n\n오류 코드 번호를 적어 두고 SCEK(02-6677-7771)로 문의하십시오.
998	DNAS 오류 (-402)\n\nPlayStation®2 디스크 정보 오류가 발생했습니다.\n\n오류 코드 번호를 적어 두고 SCEK(02-6677-7771)로 문의하십시오.
999	DNAS 오류 (-403)\n\nPlayStation®2 디스크 정보 오류가 발생했습니다.\n\n오류 코드 번호를 적어 두고 SCEK(02-6677-7771)로 문의하십시오.
1000	DNAS 오류 (-404)\n\nPlayStation®2 하드웨어 정보 오류가 발생했습니다.\n\n오류 코드 번호를 적어 두고 SCEK(02-6677-7771)로 문의하십시오.
1001	네트워크 오류 (-601)\n\n네트워크 연결이 중단되었습니다.
1002	네트워크 오류 (-602)\n\n프록시 설정에 오류가 있습니다.
1003	네트워크 오류 (-603)\n\n연결 시간이 초과되었습니다. 나중에 다시 연결해 보십시오.
1004	네트워크 오류 (-610)\n\nDNAS 서버 연결에 실패했습니다.
1005	네트워크 오류 (-611)\n\nDNS 서버 응답에 오류가 있습니다. 네트워크 설정을 확인하십시오.
1006	네트워크 오류 (-612)\n\nDNS 서버에서 응답이 없습니다. 네트워크 설정을 확인하십시오.
1007	네트워크 오류 (-613)\n\nDNS 서버 응답에 오류가 있습니다. 네트워크 설정을 확인하십시오.
1008	네트워크 오류 (-614)\n\nDNS 서버 응답에 오류가 있습니다. 네트워크 설정을 확인하십시오.
1009	네트워크 오류 (-615)\n\nDNS 오류가 발생했습니다. 네트워크 설정을 확인하십시오.
1010	네트워크 오류 (-616)\n\nDNAS 서버 연결에 실패했습니다.
1011	네트워크 오류 (-617)\n\n연결 시간이 초과되었습니다. 나중에 다시 연결해 보십시오.
1012	네트워크 오류 (-618)\n\nDNAS 서버 연결에 실패했습니다.
1013	네트워크 오류 (-619)\n\nDNAS 서버 연결에 실패했습니다.
1014	네트워크 오류 (-620)\n\nDNAS 서버 연결에 실패했습니다.
1015	네트워크 오류 (-621)\n\n연결 오류가 발생했습니다.
1016	네트워크 오류 (-622)\n\n연결 오류가 발생했습니다.
1017	네트워크 오류 (-623)\n\n연결 오류가 발생했습니다.
1018	네트워크 오류 (-624)\n\n연결 오류가 발생했습니다.
1019	네트워크 오류 (-625)\n\n연결 오류가 발생했습니다.
1020	네트워크 오류 (-626)\n\nDNAS 서버 연결에 실패했습니다.
1021	DNAS 오류 (-%d)\n\n인증 오류가 발생했습니다.\n\n오류 코드 번호를 적어 두고 SCEK(02-6677-7771)로 문의하십시오.
1022	DNAS 오류 (-101)\n\n네트워크 인증 서버가 혼잡합니다. 나중에 다시 시도하십시오.
1023	DNAS 오류 (-102)\n\n이 소프트웨어 타이틀은 서비스 중이 아닙니다.\n\n오류 코드 번호를 적어 두고 SCEA(1-866-466-5333) 또는 www.us.playstation.com으로 문의하십시오.
1024	DNAS 오류 (-103)\n\n이 소프트웨어 타이틀은 서비스 중이 아닙니다.\n\n오류 코드 번호를 적어 두고 SCEA(1-866-466-5333) 또는 www.us.playstation.com으로 문의하십시오.
1025	DNAS 오류 (-104)\n\n네트워크 인증 서버가 서비스 중이 아닙니다.\n\n오류 코드 번호를 적어 두고 SCEA(1-866-466-5333) 또는 www.us.playstation.com으로 문의하십시오.
1026	DNAS 오류 (-105)\n\n네트워크 인증 서버 연결 시간이 초과되었습니다. 나중에 다시 시도하십시오.
1027	DNAS 오류 (-106)\n\n네트워크 인증 시스템 오류가 발생했습니다.\n\n오류 코드 번호를 적어 두고 SCEA(1-866-466-5333) 또는 www.us.playstation.com으로 문의하십시오.
1028	DNAS 오류 (-107)\n\n네트워크 인증 시스템 오류가 발생했습니다.\n\n오류 코드 번호를 적어 두고 SCEA(1-866-466-5333) 또는 www.us.playstation.com으로 문의하십시오.
1029	DNAS 오류 (-108)\n\n네트워크 인증 시스템 오류가 발생했습니다.\n\n오류 코드 번호를 적어 두고 SCEA(1-866-466-5333) 또는 www.us.playstation.com으로 문의하십시오.
1030	DNAS 오류 (-110)\n\n네트워크 인증 서버가 혼잡합니다. 나중에 다시 시도하십시오.
1031	DNAS 오류 (-401)\n\nPlayStation®2 하드웨어 정보 오류가 발생했습니다.\n\n오류 코드 번호를 적어 두고 SCEA(1-866-466-5333) 또는 www.us.playstation.com으로 문의하십시오.
1032	DNAS 오류 (-402)\n\nPlayStation®2 디스크 정보 오류가 발생했습니다.\n\n오류 코드 번호를 적어 두고 SCEA(1-866-466-5333) 또는 www.us.playstation.com으로 문의하십시오.
1033	DNAS 오류 (-403)\n\nPlayStation®2 디스크 정보 오류가 발생했습니다.\n\n오류 코드 번호를 적어 두고 SCEA(1-866-466-5333) 또는 www.us.playstation.com으로 문의하십시오.
1034	DNAS 오류 (-404)\n\nPlayStation®2 하드웨어 정보 오류가 발생했습니다.\n\n오류 코드 번호를 적어 두고 SCEA(1-866-466-5333) 또는 www.us.playstation.com으로 문의하십시오.
1035	네트워크 오류 (-601)\n\n네트워크 연결이 중단되었습니다.
1036	네트워크 오류 (-602)\n\n프록시 설정에 오류가 있습니다.
1037	네트워크 오류 (-603)\n\n연결 시간이 초과되었습니다. 나중에 다시 연결해 보십시오.
1038	네트워크 오류 (-610)\n\nDNAS 서버 연결에 실패했습니다.
1039	네트워크 오류 (-611)\n\nDNS 서버 응답에 오류가 있습니다. 네트워크 설정을 확인하십시오.
1040	네트워크 오류 (-612)\n\nDNS 서버에서 응답이 없습니다. 네트워크 설정을 확인하십시오.
1041	네트워크 오류 (-613)\n\nDNS 서버 응답에 오류가 있습니다. 네트워크 설정을 확인하십시오.
1042	네트워크 오류 (-614)\n\nDNS 서버 응답에 오류가 있습니다. 네트워크 설정을 확인하십시오.
1043	네트워크 오류 (-615)\n\nDNS 오류가 발생했습니다. 네트워크 설정을 확인하십시오.
1044	네트워크 오류 (-616)\n\nDNAS 서버 연결에 실패했습니다.
1045	네트워크 오류 (-617)\n\n연결 시간이 초과되었습니다. 나중에 다시 연결해 보십시오.
1046	네트워크 오류 (-618)\n\nDNAS 서버 연결에 실패했습니다.
1047	네트워크 오류 (-619)\n\nDNAS 서버 연결에 실패했습니다.
1048	네트워크 오류 (-620)\n\nDNAS 서버 연결에 실패했습니다.
1049	네트워크 오류 (-621)\n\n연결 오류가 발생했습니다.
1050	네트워크 오류 (-622)\n\n연결 오류가 발생했습니다.
1051	네트워크 오류 (-623)\n\n연결 오류가 발생했습니다.
1052	네트워크 오류 (-624)\n\n연결 오류가 발생했습니다.
1053	네트워크 오류 (-625)\n\n연결 오류가 발생했습니다.
1054	네트워크 오류 (-626)\n\nDNAS 서버 연결에 실패했습니다.
1055	DNAS 오류 (-%d)\n\n인증 오류가 발생했습니다.\n\n오류 코드 번호를 적어 두고 SCEA(1-866-466-5333) 또는 www.us.playstation.com으로 문의하십시오.
1056	%s의 암호를 입력하십시오.
1057	%s에 입력한 암호가 올바르지 않습니다.
1058	시스템 링크 케이블이 분리되었을 수 있습니다. 케이블을 확인하고 다시 시도하십시오.
1059	더 보기
1060	무선을 선택하면 온라인 계정에서 자동으로 로그아웃됩니다. 계속하시겠습니까?
1061	위
1062	위
1063	위
1064	위
1065	지금 게임을 나가면 이 세션이 종료됩니다. 정말 나가시겠습니까?
1066	잠시 기다려 주십시오..
1067	점수를 찾을 수 없습니다
1068	%s님의 친구 요청을 차단하시겠습니까?
1069	일반
1070	튜닝
1071	차량 수를 세어라!
1072	저장
1073	이 소프트웨어는 Sony Computer Entertainment Inc.("SCEI")가 개발한 독자적인 인증 시스템인 "DNAS"(Dynamic Network Authentication System)를 사용합니다. "DNAS"는 인증, 복제 방지, 계정 차단, 시스템·규칙·게임 관리 및 기타 목적을 위해 사용자의 하드웨어와 소프트웨어 정보를 수집합니다. SCEI, Sony Computer Entertainment Korea("SCEK") 및 그 계열사는 "DNAS" 서버의 지속적인 운영을 보장하지 않습니다. SCEK는 "DNAS" 서버의 지연 또는 작동 불능에 대해 책임을 지지 않습니다.
1074	로그인 중 "DNAS" 인증 오류 메시지가 표시되면 소프트웨어 설명서에 안내된 지역 PlayStation 고객지원 센터로 문의하십시오. "DNAS"에 대한 자세한 내용은 PlayStation.com을 참조하십시오. 시스템 호환성 문제 또는 DNAS 작동 불능이 발생하는 경우 SCEI, SCEK 및 그 계열사의 책임은 SCEK의 선택에 따라 사용자의 해당 게임 소프트웨어, 콘솔 또는 주변기기의 수리 또는 교체로 제한됩니다. SCEK, 모회사, 계열사 또는 라이선스 퍼블리셔는 온라인 게임 플레이 또는 접속에 영향을 줄 수 있는 지연, 시스템 장애, 인증 실패 또는 시스템 중단에 대해 책임을 지지 않습니다.
1075	이 소프트웨어는 Sony Computer Entertainment Inc.("SCEI")가 개발한 독자적인 인증 시스템인 "DNAS"(Dynamic Network Authentication System)를 사용합니다. "DNAS"는 인증, 복제 방지, 계정 차단, 시스템·규칙·게임 관리 및 기타 목적을 위해 사용자의 하드웨어와 소프트웨어 정보를 수집합니다. 수집되는 정보만으로 사용자를 개인적으로 식별하지 않으며 SCE 이외의 회사와 공유하지 않습니다. 사용자가 퍼블리셔에 개인 식별 정보를 제공한 경우 퍼블리셔는 이 정보를 자체 기록의 개인 식별 정보와 결합할 수 있습니다. 퍼블리셔에 개인 정보를 제공하기 전에 반드시 해당 퍼블리셔의 개인정보처리방침 및 이용약관을 확인하십시오. 개인정보처리방침과 이용약관에 동의하지 않는 경우 퍼블리셔에 개인 식별 정보를 제공하지 마십시오. SCEI, Sony Computer Entertainment Korea("SCEK") 및 그 계열사는 "DNAS" 서버의 지속적인 운영을 보장하지 않습니다. 로그인 중 "DNAS" 인증 오류 메시지가 표시되면 SCEK 정보센터 02-6677-7771로 문의하십시오.
1076	SCEI, Sony Computer Entertainment Korea("SCEK") 및 그 계열사는 "DNAS" 서버의 지속적인 운영을 보장하지 않습니다. SCEK는 "DNAS" 서버의 지연 또는 작동 불능에 대해 책임을 지지 않습니다. 로그인 중 "DNAS" 인증 오류 메시지가 표시되면 SCEK 정보센터 02-6677-7771로 문의하십시오. 시스템 호환성 문제 또는 DNAS 작동 불능이 발생하는 경우 SCEI, SCEK 및 그 계열사의 책임은 SCEK의 선택에 따라 사용자의 해당 게임 소프트웨어, 콘솔 또는 주변기기의 수리 또는 교체로 제한됩니다. SCEK, 모회사, 계열사 또는 라이선스 퍼블리셔는 온라인 게임 플레이 또는 접속에 영향을 줄 수 있는 지연, 시스템 장애, 인증 실패 또는 시스템 중단에 대해 책임을 지지 않습니다.
1077	네트워크 설정 파일을 찾을 수 없습니다. 네트워크 설정 파일을 만들려면 네트워크 어댑터 시작 디스크를 사용하십시오.
1078	네트워크 설정 파일이 다른 본체에서 생성되었습니다. 네트워크 설정 파일을 만들려면 Network Access Disc를 사용하십시오.
1079	네트워크 설정 파일이 다른 PlayStation®2에서 생성되었습니다. 네트워크 설정 파일을 만들려면 네트워크 어댑터 시작 디스크를 사용하십시오.
1080	DNF
1081	방향 버튼으로 화면 위치를 조정하십시오
1082	OutRun 2006: Coast 2 Coast는 자동 저장 기능을 사용합니다. 게임은 특정 시점에 메모리 카드 슬롯 1의 PlayStation®2용 메모리 카드(8MB)에 자동으로 접근합니다. 아래 접근 표시등이 깜빡이는 동안에는 메모리 카드(8MB)나 컨트롤러를 빼거나 본체를 리셋/전원 종료하지 마십시오.\n\n이 지점 이후 메모리 카드(8MB)를 삽입하면 게임 데이터가 덮어써질 수 있습니다.
1083	서버 연결에 실패했습니다.
1084	사용자 ID와 비밀번호를 인증할 수 없습니다. 네트워크 설정을 확인한 뒤 다시 시도하십시오.
1085	메모리 카드 슬롯 1에서 PlayStation®2용 메모리 카드(8MB)를 찾을 수 없습니다.
1086	메모리 카드 슬롯 1에 삽입된 PlayStation®2용 메모리 카드(8MB)에서 게임 데이터를 불러오시겠습니까? 저장하지 않은 진행 상황은 사라집니다!
1087	DNAS 데이터를 인증하는 중입니다. . .
1088	DNAS 로고는 Sony Computer Entertainment Inc.의 상표입니다.
1089	사용 가능한 네트워크 연결이 없습니다. 네트워크 설정 파일과 케이블을 확인하십시오.
1090	50Hz 모드로 게임을 실행합니다.
1091	불러오기 / 저장
1092	내 기록
1093	내 점수
1094	내 하트
1095	60Hz 모드로 게임을 실행합니다.
1096	%s님의 게임에 참가하시겠습니까?\n모든 플레이어의 현재 세션이 종료됩니다.
1097	%s님의 게임에 참가하시겠습니까?\n현재 세션이 종료됩니다.
1098	메시지 보내기
1099	게임 초대 보내기
1100	친구 요청 보내기
1101	받은 메시지
1102	받은 게임 초대
1103	받은 친구 요청
1104	거절
1105	수락
1106	피드백
1107	답장
1108	건너뛰기
1109	삭제
1110	재생
1111	정지
1112	녹음
1113	메시지 입력
1114	이름 입력
1115	텍스트 메시지 없음
1116	Xbox Dashboard로 이동하려면 꺼내기 버튼을 누르십시오.
1117	Xbox Dashboard 플레이 초대를 받았습니다. 음성 채팅 초대를 수락하시겠습니까?
1118	%s님에게 부정적인 피드백을 남기시겠습니까?
1119	친구 요청을 취소하시겠습니까?
1120	받는 사람:
1121	보낸 사람:
1122	코스 주행
1123	스테이지 주행
1124	친구 요청을 보낼 수 없습니다. 친구 목록이 가득 찼습니다. 새 친구를 추가하려면 기존 친구를 삭제하십시오.
1125	친구 목록에서 %s님을 삭제하시겠습니까?
1126	<게이머태그 입력>
1127	튜닝
1128	이 플레이어를 강제 퇴장하고 이 매치에 다시 참가하지 못하도록 하시겠습니까?
1129	새 Xbox Live 계정을 등록하기 위해 OutRun 2006: Coast 2 Coast를 종료하시겠습니까? 주의: 저장하지 않은 진행 상황은 사라집니다!
1130	이 플레이어를 매치에서 강제 퇴장시키시겠습니까?
1131	PlayStation®2용 네트워크 어댑터(이더넷/모뎀)를 감지할 수 없습니다. 이 게임의 온라인 기능을 사용할 수 없습니다.
1132	온라인 계정 목록에서 %s 계정을 삭제하시겠습니까?
1133	코스를 주행해 스테이지를 잠금 해제하세요
1134	잠금 해제 조건: 요청 랭크 A
1135	잠금 해제 조건: 특별 요청 1 랭크 A
1136	잠금 해제 조건: 특별 요청 2 랭크 AA
1137	오프라인
1138	오프라인
1139	오프라인
1140	로그인되지 않음
1141	로그인 실패
1142	로그인: %s
1143	로그인 실패
1144	로그인되지 않음: 암호 필요
1145	메모리 카드 슬롯 1에 PlayStation®2용 메모리 카드(8MB)가 없습니다. 유효한 네트워크 설정 파일이 들어 있는 메모리 카드(8MB)를 삽입하고 다시 시도하십시오.
1146	메모리 카드 슬롯 1의 PlayStation®2용 메모리 카드(8MB)에 공간이 부족합니다. 이 게임 데이터를 저장하려면 최소 %d KB가 필요합니다. 그래도 게임을 시작하시겠습니까?
1147	메모리 카드 슬롯 1에서 PlayStation®2용 메모리 카드(8MB)를 찾을 수 없습니다. 게임 데이터를 저장하려면 %d KB의 여유 공간이 있는 메모리 카드(8MB)가 필요합니다. 그래도 시작하시겠습니까?
1148	컨트롤러를 감지할 수 없습니다. 컨트롤러 포트 1에 컨트롤러를 연결하십시오.
1149	온라인
1150	온라인
1151	온라인
1152	주의! 플레이어의 컨트롤러 연결이 끊겨 게임을 시작할 수 없습니다.
1153	세션 나감
1154	Xbox에 이 고스트 차량을 다운로드할 공간이 부족합니다. %d개의 블록이 더 필요합니다. A를 눌러 공간을 확보하거나 B를 눌러 취소하십시오.
1155	잘못된 네트워크 설정을 선택했습니다. 네트워크 설정 파일을 확인하고 다시 시도하십시오.
1156	플레이어의 컨트롤러, PlayStation®2용 메모리 카드(8MB) 또는 디스크가 제거되어 게임을 시작할 수 없습니다.
1157	컨트롤러
1158	가속 축
1159	브레이크 축
1160	가속 / 브레이크 축
1161	조향 축
1162	메뉴 위/아래 축
1163	기어 업 / 다운 축
1164	왼쪽 조향
1165	오른쪽 조향
1166	가속 버튼
1167	브레이크 버튼
1168	기어 업 버튼
1169	기어 다운 버튼
1170	시작 버튼
1171	경적 버튼
1172	시점 버튼
1173	컨트롤러 설정
1174	할당 안 됨
1175	컨트롤러를 찾을 수 없음
1176	축 1 X
1177	축 1 Y
1178	축 1 Z
1179	축 2 X
1180	축 2 Y
1181	축 2 Z
1182	슬라이더 축 1
1183	슬라이더 축 2
1184	버튼 %d
1185	사용 가능한 컨트롤러를 순환하며 게임에서 사용할 컨트롤러를 선택합니다.
1186	이 동작에 축을 할당하려면 선택하십시오.
1187	이 동작에 버튼을 할당하려면 선택하십시오.
1188	주의: 컨트롤러 동작을 기본값으로 초기화합니다.
1189	이 동작에 할당할 축을 움직이십시오. 현재 할당 예정: %s
1190	이 동작에 할당할 버튼을 누르십시오.
1191	가속 페달을 최소/휴지 위치로 이동한 뒤 선택 버튼을 누르십시오.
1192	가속 페달을 최대/끝 위치로 이동한 뒤 선택 버튼을 누르십시오.
1193	브레이크 페달을 최소/휴지 위치로 이동한 뒤 선택 버튼을 누르십시오.
1194	브레이크 페달을 최대/끝 위치로 이동한 뒤 선택 버튼을 누르십시오.
1195	축을 최대 브레이크 위치로 이동한 뒤 선택 버튼을 누르십시오.
1196	축을 최대 가속 위치로 이동한 뒤 선택 버튼을 누르십시오.
1197	조향을 끝까지 왼쪽으로 돌린 뒤 선택 버튼을 누르십시오.
1198	조향을 끝까지 오른쪽으로 돌린 뒤 선택 버튼을 누르십시오.
1199	축을 아래 위치로 이동한 뒤 선택 버튼을 누르십시오.
1200	축을 위 위치로 이동한 뒤 선택 버튼을 누르십시오.
1201	축을 기어 다운 위치로 이동한 뒤 선택 버튼을 누르십시오.
1202	축을 기어 업 위치로 이동한 뒤 선택 버튼을 누르십시오.
1203	OutRun 2006: Coast 2 Coast를 종료하시겠습니까?
1204	백스페이스
1205	탭
1206	-
1207	=
1208	왼쪽 대괄호
1209	오른쪽 대괄호
1210	;
1211	작은따옴표
1212	# / `
1213	,
1214	.
1215	/
1216	클리어
1217	엔터
1218	시프트
1219	컨트롤
1220	메뉴
1221	일시정지
1222	Caps Lock
1223	Esc
1224	스페이스
1225	Page Up
1226	Page Down
1227	End
1228	Home
1229	왼쪽
1230	위
1231	오른쪽
1232	아래
1233	선택
1234	Print
1235	Insert
1236	삭제
1237	NUMPAD0
1238	NUMPAD1
1239	NUMPAD2
1240	NUMPAD3
1241	NUMPAD4
1242	NUMPAD5
1243	NUMPAD6
1244	NUMPAD7
1245	NUMPAD8
1246	NUMPAD9
1247	곱하기
1248	더하기
1249	구분자
1250	빼기
1251	소수점
1252	나누기
1253	F1
1254	F2
1255	F3
1256	F4
1257	F5
1258	F6
1259	F7
1260	F8
1261	F9
1262	F10
1263	F11
1264	F12
1265	왼쪽 Shift
1266	오른쪽 Shift
1267	왼쪽 Ctrl
1268	오른쪽 Ctrl
1269	왼쪽 Alt
1270	오른쪽 Alt
1271	숫자패드 Enter
1272	1
1273	2
1274	3
1275	4
1276	5
1277	6
1278	7
1279	8
1280	9
1281	0
1282	Q
1283	W
1284	E
1285	R
1286	T
1287	Y
1288	U
1289	I
1290	O
1291	P
1292	A
1293	S
1294	D
1295	F
1296	G
1297	H
1298	J
1299	K
1300	L
1301	\\
1302	Z
1303	X
1304	C
1305	V
1306	B
1307	N
1308	M
1309	Num Lock
1310	Scroll Lock
1311	OEM_102
1312	F13
1313	F14
1314	F15
1315	가나
1316	ABNT_C1
1317	변환
1318	무변환
1319	엔
1320	ABNT_C2
1321	숫자패드 =
1322	이전 트랙
1323	AT
1324	:
1325	밑줄
1326	한자
1327	정지
1328	AX
1329	라벨 없음
1330	다음 트랙
1331	음소거
1332	계산기
1333	재생/일시정지
1334	미디어 정지
1335	볼륨 낮추기
1336	볼륨 높이기
1337	웹 홈
1338	숫자패드 쉼표
1339	SysRq
1340	왼쪽 Windows
1341	오른쪽 Windows
1342	앱
1343	전원
1344	절전
1345	깨우기
1346	웹 검색
1347	웹 즐겨찾기
1348	웹 새로고침
1349	웹 중지
1350	웹 앞으로
1351	웹 뒤로
1352	내 컴퓨터
1353	메일
1354	미디어 선택
