number,queue_index,asset_key,asset_path,artwork_status,source_kind,english_source_origin,english_source_location,english_source_commit,english_source_sha256,english_source_native_size,review_display_scale,review_display_size,candidate_sha256,jpg
1,12,D6DC1380,textures/load/spr_etc_xst/D6DC1380_256x64.dds,c85_pixel_visual_pass_pending_ingame,localized_candidate,pinned_public_source_display_scaled,https://raw.githubusercontent.com/Sonic-TV/OR2006Sprites/3ce344e7ed6b1b535f5e4d34c1192071ff7afbe6/Release/spr_etc_xst/D6DC1380_256x64.dds,3ce344e7ed6b1b535f5e4d34c1192071ff7afbe6,42aa10e021f9170247612b2e8231be43458abc3cda1011595db2fe2902df4352,256x64,4,1024x256,53eba1bbc976d7f746b5af24bb5e5fa0dcd2e4a6618ca35d56ae496d82db0e00,001_q012_D6DC1380.jpg
2,26,63C91067,textures/load/spr_sprani_CLAR_RANK_Exst/63C91067_512x512.dds,c193_pixel_visual_policy_pass_pending_ingame,localized_candidate,pinned_public_source,https://raw.githubusercontent.com/Sonic-TV/OR2006Sprites/3ce344e7ed6b1b535f5e4d34c1192071ff7afbe6/Release/spr_sprani_CLAR_RANK_Exst/63C91067_512x512.dds,3ce344e7ed6b1b535f5e4d34c1192071ff7afbe6,d44868cbb37f8412901fa6252638250fcaebfed87e23a65772f61e710e3273ab,2048x2048,1,2048x2048,4b3dfe4986302c47f1332ebb27315b7cebfdf746e681e1655195963408289ab4,002_q026_63C91067.jpg
3,28,A05BF610,textures/load/spr_sprani_CLAR_RANK_Exst/A05BF610_512x512.dds,c178_pixel_visual_policy_pass_pending_ingame,localized_candidate,pinned_public_source,https://raw.githubusercontent.com/Sonic-TV/OR2006Sprites/3ce344e7ed6b1b535f5e4d34c1192071ff7afbe6/Release/spr_sprani_CLAR_RANK_Exst/A05BF610_512x512.dds,3ce344e7ed6b1b535f5e4d34c1192071ff7afbe6,52cb2a5697e9efc81de4c74fcb669b44e70503c4ea54e913023f10c424371129,2048x2048,1,2048x2048,bb2510327952114bcca67c004748240aa1f3c8f526a866e3ef31affe51bdbbc8,003_q028_A05BF610.jpg
4,30,8215FD25,textures/load/spr_sprani_FLAG_RANK_Exst/8215FD25_1024x512.dds,c202_pixel_visual_policy_pass_pending_ingame,localized_candidate,pinned_public_source,https://raw.githubusercontent.com/Sonic-TV/OR2006Sprites/3ce344e7ed6b1b535f5e4d34c1192071ff7afbe6/Release/spr_sprani_FLAG_RANK_Exst/8215FD25_1024x512.dds,3ce344e7ed6b1b535f5e4d34c1192071ff7afbe6,e8125cb52c6a135dcde0dade0dcf447ea5d806b8a9b2438d7d6732be84c9b66e,4096x2048,1,4096x2048,cb023fa5533b4a058c437c1a879b2952a7268308e47202f7dced32c6a563e141,004_q030_8215FD25.jpg
5,32,DCC7B488,textures/load/spr_sprani_FLAG_RANK_Exst/DCC7B488_512x256.dds,c206_pixel_visual_policy_pass_pending_ingame,localized_candidate,pinned_public_source,https://raw.githubusercontent.com/Sonic-TV/OR2006Sprites/3ce344e7ed6b1b535f5e4d34c1192071ff7afbe6/Release/spr_sprani_FLAG_RANK_Exst/DCC7B488_512x256.dds,3ce344e7ed6b1b535f5e4d34c1192071ff7afbe6,ecd0607fd021b6aa0c78700bffa05f70546a4d37da6182edc4a35bc41ab5ee4e,2048x1024,1,2048x1024,958a69de83c05be292336735fb30b002a19a4fc788ce371138a3454651cf4d14,005_q032_DCC7B488.jpg
6,34,B7E25BAD,textures/load/spr_sprani_HOLL_RANK_Exst/B7E25BAD_1024x512.dds,c209_pixel_visual_policy_pass_pending_ingame,localized_candidate,pinned_public_source,https://raw.githubusercontent.com/Sonic-TV/OR2006Sprites/3ce344e7ed6b1b535f5e4d34c1192071ff7afbe6/Release/spr_sprani_HOLL_RANK_Exst/B7E25BAD_1024x512.dds,3ce344e7ed6b1b535f5e4d34c1192071ff7afbe6,3d5539326e4c75877457f946622c561aa20557520007dfd5851f7fe9f2056023,4096x2048,1,4096x2048,7aea9077a236d6897e0944d71e795cbd5f6aba3852aa95853151eee3f6012800,006_q034_B7E25BAD.jpg
7,36,06AB5CEE,textures/load/spr_sprani_JENN_RANK_Exst/06AB5CEE_1024x1024.dds,c215_pixel_visual_policy_pass_pending_ingame,localized_candidate,pinned_public_source,https://raw.githubusercontent.com/Sonic-TV/OR2006Sprites/3ce344e7ed6b1b535f5e4d34c1192071ff7afbe6/Release/spr_sprani_JENN_RANK_Exst/6AB5CEE_1024x1024.dds,3ce344e7ed6b1b535f5e4d34c1192071ff7afbe6,cd6f58f1fa187c6ff7813cbb42b5181038712d8142bf575711a30d69e76d2f4a,4096x4096,1,4096x4096,0b430a505c28b496fa2294326ac9dbc41821e5ddac5b830d348e11d1b67c39e5,007_q036_06AB5CEE.jpg
8,38,6AB5CEE,textures/load/spr_sprani_JENN_RANK_Exst/6AB5CEE_1024x1024.dds,b173_exact_alias_of_c215_pass_pending_ingame,localized_candidate,pinned_public_source,https://raw.githubusercontent.com/Sonic-TV/OR2006Sprites/3ce344e7ed6b1b535f5e4d34c1192071ff7afbe6/Release/spr_sprani_JENN_RANK_Exst/6AB5CEE_1024x1024.dds,3ce344e7ed6b1b535f5e4d34c1192071ff7afbe6,cd6f58f1fa187c6ff7813cbb42b5181038712d8142bf575711a30d69e76d2f4a,4096x4096,1,4096x4096,0b430a505c28b496fa2294326ac9dbc41821e5ddac5b830d348e11d1b67c39e5,008_q038_6AB5CEE.jpg
9,43,455717B2,textures/load/spr_sprani_congrats_cvt_Exst/455717B2_512x512.dds,c104_pixel_visual_policy_pass_pending_ingame,localized_candidate,pinned_public_source,https://raw.githubusercontent.com/Sonic-TV/OR2006Sprites/3ce344e7ed6b1b535f5e4d34c1192071ff7afbe6/Release/spr_sprani_congrats_cvt_Exst/455717B2_512x512.dds,3ce344e7ed6b1b535f5e4d34c1192071ff7afbe6,ce5d3610eac8945d76a559bb7f7201f9b1efb409c965bd20ed0a26164ed7f356,2048x2048,1,2048x2048,50bb8b8d0541a090e032d47d1ebc62800b559a48f5ddb22e8982c8b625b1773f,009_q043_455717B2.jpg
10,44,19CEDB9,textures/load/spr_sprani_etc_cvt_Exst/19CEDB9_512x512.dds,c90_pixel_visual_pass_pending_ingame,localized_candidate,pinned_public_source,https://raw.githubusercontent.com/Sonic-TV/OR2006Sprites/3ce344e7ed6b1b535f5e4d34c1192071ff7afbe6/Release/spr_sprani_etc_cvt_Exst/19CEDB9_512x512.dds,3ce344e7ed6b1b535f5e4d34c1192071ff7afbe6,2472c7aab0751987bd736131b8b4c22be4a7613d9bd1478c9b9f35a615dd6c7e,2048x2048,1,2048x2048,3090f2664bab3065502b10a98f93d17e92a64a3725dc1b7a4bb790648a5da6e7,010_q044_19CEDB9.jpg
11,46,AA04D779,textures/load/spr_sprani_etc_cvt_Exst/AA04D779_512x512.dds,c_userpolicy02_pass_pending_ingame,localized_candidate,pinned_public_source,https://raw.githubusercontent.com/Sonic-TV/OR2006Sprites/3ce344e7ed6b1b535f5e4d34c1192071ff7afbe6/Release/spr_sprani_etc_cvt_Exst/AA04D779_512x512.dds,3ce344e7ed6b1b535f5e4d34c1192071ff7afbe6,1a01e19b2749acdd275d10ff6e82bcb525d6621fd9118fb0c1fa5997c4c1dfa5,2048x2048,1,2048x2048,93eb895d890bd0f41b4427346e3a7a2fe5538b4a1f4164991a480b424b1fc36e,011_q046_AA04D779.jpg
12,47,AD720950,textures/load/spr_sprani_etc_cvt_Exst/AD720950_1024x256.dds,c109_pixel_visual_policy_pass_pending_ingame,localized_candidate,pinned_public_source,https://raw.githubusercontent.com/Sonic-TV/OR2006Sprites/3ce344e7ed6b1b535f5e4d34c1192071ff7afbe6/Release/spr_sprani_etc_cvt_Exst/AD720950_1024x256.dds,3ce344e7ed6b1b535f5e4d34c1192071ff7afbe6,141e1f0773b82a8eca6ff49cd93d637221b96211566541f97de9ef4fc454d26f,4096x1024,1,4096x1024,6dad37489e7027b8f546c38b3729167697965fc8e33fcabff46f09aba1677955,012_q047_AD720950.jpg
13,50,CBF8ECBF,textures/load/spr_sprani_etc_cvt_Exst/CBF8ECBF_1024x512.dds,c104_pixel_visual_policy_pass_pending_ingame,localized_candidate,pinned_public_source,https://raw.githubusercontent.com/Sonic-TV/OR2006Sprites/3ce344e7ed6b1b535f5e4d34c1192071ff7afbe6/Release/spr_sprani_etc_cvt_Exst/CBF8ECBF_1024x512.dds,3ce344e7ed6b1b535f5e4d34c1192071ff7afbe6,3a2a40256a6c3c945dfd4fab275edba5ec05802e4cff54f2ad93d5196cd992fe,4096x2048,1,4096x2048,ecc4cbb6cdc064d2c7ccccfc378569f1dc7fc8339c46330ec68ec81c8f899df1,013_q050_CBF8ECBF.jpg
14,51,FF2462BB,textures/load/spr_sprani_etc_cvt_Exst/FF2462BB_1024x512.dds,c_userpolicy02_pass_pending_ingame,localized_candidate,pinned_public_source,https://raw.githubusercontent.com/Sonic-TV/OR2006Sprites/3ce344e7ed6b1b535f5e4d34c1192071ff7afbe6/Release/spr_sprani_etc_cvt_Exst/FF2462BB_1024x512.dds,3ce344e7ed6b1b535f5e4d34c1192071ff7afbe6,5b029de75fa10ed00e547ef2c5d9df9691e8e5d8b9f2622fee62bc4972c7ae67,4096x2048,1,4096x2048,9e6f0247e54302b0c81d84f24f02ec255af4c027916e3bdfe4726f0839f2de08,014_q051_FF2462BB.jpg
15,53,568D3696,textures/load/spr_sprani_fruity_cvt_Exst/568D3696_1024x1024.dds,c_userpolicy02_pass_pending_ingame,localized_candidate,pinned_public_source,https://raw.githubusercontent.com/Sonic-TV/OR2006Sprites/3ce344e7ed6b1b535f5e4d34c1192071ff7afbe6/Release/spr_sprani_fruity_cvt_Exst/568D3696_1024x1024.dds,3ce344e7ed6b1b535f5e4d34c1192071ff7afbe6,65bc5e88e7b01f8148bcbbb2dc4b2225bf53c8501801e329c51ecb274e8cd813,4096x4096,1,4096x4096,2e18e459005323b37413e404b3adf31501cc92bbc3cd2b994a1c05bbdf3cef4d,015_q053_568D3696.jpg
16,54,FA7BBB13,textures/load/spr_sprani_fruity_cvt_Exst/FA7BBB13_1024x512.dds,c_userpolicy02_pass_pending_ingame,localized_candidate,pinned_public_source,https://raw.githubusercontent.com/Sonic-TV/OR2006Sprites/3ce344e7ed6b1b535f5e4d34c1192071ff7afbe6/Release/spr_sprani_fruity_cvt_Exst/FA7BBB13_1024x512.dds,3ce344e7ed6b1b535f5e4d34c1192071ff7afbe6,61c82072fcc44e9e5f4c6f127d2a29b17abecf5cdb536a5609512246d1ab8d15,4096x2048,1,4096x2048,b5873faa62f4aeb88e8d13712a20092ef95610130d20eb0330e126ad25d2dd68,016_q054_FA7BBB13.jpg
17,55,2EA557B4,textures/load/spr_sprani_game_cvt_Exst/2EA557B4_512x64.dds,c164_pixel_visual_policy_pass_pending_ingame,localized_candidate,pinned_public_source,https://raw.githubusercontent.com/Sonic-TV/OR2006Sprites/3ce344e7ed6b1b535f5e4d34c1192071ff7afbe6/Release/spr_sprani_game_cvt_Exst/2EA557B4_512x64.dds,3ce344e7ed6b1b535f5e4d34c1192071ff7afbe6,b2d5b03a8e6cc56fcb60c31f32a485854dd7ea41ed10c7b10ba185625d07a685,2048x256,1,2048x256,b0cf1dbdd1c73801f3023e9c45af245b4f655f1d4c6f6b0a08e1c1bdae16d7fc,017_q055_2EA557B4.jpg
18,57,39229D64,textures/load/spr_sprani_game_cvt_Exst/39229D64_1024x1024.dds,c108_pixel_visual_policy_pass_pending_ingame,localized_candidate,pinned_public_source,https://raw.githubusercontent.com/Sonic-TV/OR2006Sprites/3ce344e7ed6b1b535f5e4d34c1192071ff7afbe6/Release/spr_sprani_game_cvt_Exst/39229D64_1024x1024.dds,3ce344e7ed6b1b535f5e4d34c1192071ff7afbe6,2f2c19db5a9b7eda058ee380396160e42884760c0d0282d2e75254bf08070481,4096x4096,1,4096x4096,dbd97d30d1e14df102d5c90c5ef5e339a93a934c4b10b71e2b30fbf76db2b8f8,018_q057_39229D64.jpg
19,59,7CE1CFC5,textures/load/spr_sprani_game_cvt_Exst/7CE1CFC5_512x128.dds,c162_pixel_visual_policy_pass_pending_ingame,localized_candidate,pinned_public_source,https://raw.githubusercontent.com/Sonic-TV/OR2006Sprites/3ce344e7ed6b1b535f5e4d34c1192071ff7afbe6/Release/spr_sprani_game_cvt_Exst/7CE1CFC5_512x128.dds,3ce344e7ed6b1b535f5e4d34c1192071ff7afbe6,9c35216873d617ed68df55be424f35ddf50b1eacc8ee86072068745aea166f9f,2048x512,1,2048x512,b75102588dc30ec828fdec765658d2e25cbcee9d972832bb70b527b372008542,019_q059_7CE1CFC5.jpg
20,61,C4A2937B,textures/load/spr_sprani_game_cvt_Exst/C4A2937B_1024x1024.dds,c85_pixel_visual_pass_pending_ingame,localized_candidate,pinned_public_source,https://raw.githubusercontent.com/Sonic-TV/OR2006Sprites/3ce344e7ed6b1b535f5e4d34c1192071ff7afbe6/Release/spr_sprani_game_cvt_Exst/C4A2937B_1024x1024.dds,3ce344e7ed6b1b535f5e4d34c1192071ff7afbe6,821dddc662ca2349aa313f49278d5558c07e29b7a8f5d755e6987a349f0e7dd0,4096x4096,1,4096x4096,28f4c6bde58bcabd2e7bf8b0c1ce200858201928dfa77abd44152522e52ba593,020_q061_C4A2937B.jpg
21,65,EBEF6D20,textures/load/spr_sprani_loading_cvt_Exst/EBEF6D20_512x512.dds,c125_pixel_visual_policy_pass_pending_ingame,localized_candidate,pinned_public_source,https://raw.githubusercontent.com/Sonic-TV/OR2006Sprites/3ce344e7ed6b1b535f5e4d34c1192071ff7afbe6/Release/spr_sprani_loading_cvt_Exst/EBEF6D20_512x512.dds,3ce344e7ed6b1b535f5e4d34c1192071ff7afbe6,8d832df296241c372cf182439d9f44721b07f7555b9ee3b17b0750908194877c,2048x2048,1,2048x2048,005130ff808aad8d4586fe026b52b930a320083144f86497b749d08c875325a2,021_q065_EBEF6D20.jpg
22,86,C598919A,textures/load/spr_sprani_ranking_cvt_Exst/C598919A_1024x1024.dds,c194_pixel_visual_policy_pass_pending_ingame,localized_candidate,pinned_public_source,https://raw.githubusercontent.com/Sonic-TV/OR2006Sprites/3ce344e7ed6b1b535f5e4d34c1192071ff7afbe6/Release/spr_sprani_ranking_cvt_Exst/C598919A_1024x1024.dds,3ce344e7ed6b1b535f5e4d34c1192071ff7afbe6,9caaf9d94bb853f8cc00faad6bf03fb6460e893a726c5e200fe4a7826768f3bf,4096x4096,1,4096x4096,e3c3f78975b3dd582690a7f169c1aa364dd05e3846827340aae38631885b92bf,022_q086_C598919A.jpg
23,89,43B07A77,textures/load/spr_sprani_route_cvt_Exst/43B07A77_512x64.dds,c104_pixel_visual_policy_pass_pending_ingame,localized_candidate,pinned_public_source,https://raw.githubusercontent.com/Sonic-TV/OR2006Sprites/3ce344e7ed6b1b535f5e4d34c1192071ff7afbe6/Release/spr_sprani_route_cvt_Exst/43B07A77_512x64.dds,3ce344e7ed6b1b535f5e4d34c1192071ff7afbe6,906a17ef9534bcb43d8296ae1d2ac339a53910f7113b954a52475368ab9b4175,2048x256,1,2048x256,d2311d4c20327363bacf8b336e925e527ef8c5c8f13a385b0a2fb2e25a946cbc,023_q089_43B07A77.jpg
24,92,1A43E9D9,textures/load/spr_sprani_selector_cvt_Exst/1A43E9D9_512x64.dds,c125_static_pass_high_risk_edge_touch_pending_ingame,localized_candidate,pinned_public_source,https://raw.githubusercontent.com/Sonic-TV/OR2006Sprites/3ce344e7ed6b1b535f5e4d34c1192071ff7afbe6/Release/spr_sprani_selector_cvt_Exst/1A43E9D9_512x64.dds,3ce344e7ed6b1b535f5e4d34c1192071ff7afbe6,d19e5191fb1e084fbeb182b5528738b4ad47ab56bef38fb1e1f027e0b6816774,2048x256,1,2048x256,601be9747c0cf03e89740786fe0782ec1e71f0e480ceb5e3d740637d048043b3,024_q092_1A43E9D9.jpg
25,94,2DA43E41,textures/load/spr_sprani_selector_cvt_Exst/2DA43E41_1024x1024.dds,c_userpolicy02_pass_pending_ingame,localized_candidate,pinned_public_source,https://raw.githubusercontent.com/Sonic-TV/OR2006Sprites/3ce344e7ed6b1b535f5e4d34c1192071ff7afbe6/Release/spr_sprani_selector_cvt_Exst/2DA43E41_1024x1024.dds,3ce344e7ed6b1b535f5e4d34c1192071ff7afbe6,3e00bfda82c2175b28c1d45d3041f91e34ede6de52b867cd867c1c27d4837099,4096x4096,1,4096x4096,dce31f89fa30da614378d7cfd8e3b9e8b6d39bc037369f059249e358897c66ae,025_q094_2DA43E41.jpg
26,97,411827E,textures/load/spr_sprani_selector_cvt_Exst/411827E_512x512.dds,c87_pixel_visual_pass_pending_ingame,localized_candidate,pinned_public_source,https://raw.githubusercontent.com/Sonic-TV/OR2006Sprites/3ce344e7ed6b1b535f5e4d34c1192071ff7afbe6/Release/spr_sprani_selector_cvt_Exst/411827E_512x512.dds,3ce344e7ed6b1b535f5e4d34c1192071ff7afbe6,bad9701ac45e4587d8b04afde335951f4857f747ec20fd71fc838be7d86bf364,2048x2048,1,2048x2048,c7f27e948179ac555c3107facd6885df141e9f7aa0b8b2c6450e466e7132981e,026_q097_411827E.jpg
27,98,42E618FD,textures/load/spr_sprani_selector_cvt_Exst/42E618FD_512x32.dds,c126_pixel_visual_policy_pass_pending_ingame,localized_candidate,pinned_public_source,https://raw.githubusercontent.com/Sonic-TV/OR2006Sprites/3ce344e7ed6b1b535f5e4d34c1192071ff7afbe6/Release/spr_sprani_selector_cvt_Exst/42E618FD_512x32.dds,3ce344e7ed6b1b535f5e4d34c1192071ff7afbe6,3b3cdd76b03014e0ba6a47f4e98a187fdf6ae4297314494cbe1d3d4c586f1f59,2048x128,1,2048x128,86b2de22ae7fa673d85cda4e6c5e0143c32c343177b1ccfc90550b9857fb705a,027_q098_42E618FD.jpg
28,100,53CE39D5,textures/load/spr_sprani_selector_cvt_Exst/53CE39D5_512x512.dds,c117_pixel_visual_policy_pass_pending_ingame,localized_candidate,pinned_public_source,https://raw.githubusercontent.com/Sonic-TV/OR2006Sprites/3ce344e7ed6b1b535f5e4d34c1192071ff7afbe6/Release/spr_sprani_selector_cvt_Exst/53CE39D5_512x512.dds,3ce344e7ed6b1b535f5e4d34c1192071ff7afbe6,cfed1de58cefd8c235fc464e27058439ffd26427294a3bce17192e584679426a,2048x2048,1,2048x2048,08467408b4ef087a8e2a5e8408b159e4f635fe0c261ad2ccae76a1499be5ced1,028_q100_53CE39D5.jpg
29,101,560FA536,textures/load/spr_sprani_selector_cvt_Exst/560FA536_1024x1024.dds,c180_pixel_visual_policy_pass_pending_ingame,localized_candidate,pinned_public_source,https://raw.githubusercontent.com/Sonic-TV/OR2006Sprites/3ce344e7ed6b1b535f5e4d34c1192071ff7afbe6/Release/spr_sprani_selector_cvt_Exst/560FA536_1024x1024.dds,3ce344e7ed6b1b535f5e4d34c1192071ff7afbe6,a29d70ffef85c74c67f78752b4dcc83cc4055220313952536081441a54f6b1aa,4096x4096,1,4096x4096,939ac217127fc958f78524c021d2c735ffbc9af5d80af0d65bb04a226dbf3cdb,029_q101_560FA536.jpg
30,102,571E78F3,textures/load/spr_sprani_selector_cvt_Exst/571E78F3_512x64.dds,c91_pixel_visual_pass_pending_ingame_high_risk_edge_touch,localized_candidate,pinned_public_source,https://raw.githubusercontent.com/Sonic-TV/OR2006Sprites/3ce344e7ed6b1b535f5e4d34c1192071ff7afbe6/Release/spr_sprani_selector_cvt_Exst/571E78F3_512x64.dds,3ce344e7ed6b1b535f5e4d34c1192071ff7afbe6,17ee051e59d23c741c9df428dccd3ee2f7863c19a038f02db250001f44b6c121,2048x256,1,2048x256,c4f33f3d98b6d5873d8bb6438d5e649fdaa12c114ed8d34d22a7405d448fc186,030_q102_571E78F3.jpg
31,104,62BEBF33,textures/load/spr_sprani_selector_cvt_Exst/62BEBF33_512x64.dds,c91_pixel_visual_pass_pending_ingame,localized_candidate,pinned_public_source,https://raw.githubusercontent.com/Sonic-TV/OR2006Sprites/3ce344e7ed6b1b535f5e4d34c1192071ff7afbe6/Release/spr_sprani_selector_cvt_Exst/62BEBF33_512x64.dds,3ce344e7ed6b1b535f5e4d34c1192071ff7afbe6,f0a8491585dd4f225c4707b63bd61ae43869cb9d243d9de881258add023c06e2,2048x256,1,2048x256,687ecaad8db7478f4964b11d082f86b21091507bef564cfde3adfb4a1a625e7d,031_q104_62BEBF33.jpg
32,107,841E796B,textures/load/spr_sprani_selector_cvt_Exst/841E796B_512x128.dds,c103_pixel_visual_policy_pass_pending_ingame,localized_candidate,pinned_public_source,https://raw.githubusercontent.com/Sonic-TV/OR2006Sprites/3ce344e7ed6b1b535f5e4d34c1192071ff7afbe6/Release/spr_sprani_selector_cvt_Exst/841E796B_512x128.dds,3ce344e7ed6b1b535f5e4d34c1192071ff7afbe6,112f47e7b16ecf21f722738f7fc9053d1a9852d66da9ef9d29fd25dadf2f567e,2048x512,1,2048x512,6dd78959851274898ccc237932c5fe6ad3bae9c9e92b6d45fd935317468ec2ad,032_q107_841E796B.jpg
33,111,C075FB49,textures/load/spr_sprani_selector_cvt_Exst/C075FB49_512x512.dds,c111_pixel_visual_policy_pass_pending_ingame,localized_candidate,pinned_public_source,https://raw.githubusercontent.com/Sonic-TV/OR2006Sprites/3ce344e7ed6b1b535f5e4d34c1192071ff7afbe6/Release/spr_sprani_selector_cvt_Exst/C075FB49_512x512.dds,3ce344e7ed6b1b535f5e4d34c1192071ff7afbe6,a8942f076b9c3d8cddd62ba39c84a3b3abea72b2ba19a61a21e9a2bd6f8e8036,2048x2048,1,2048x2048,d5fa574c85c0481bd82793a92d1a98b251005269ff343910c7b329030afd1633,033_q111_C075FB49.jpg
34,112,D41D0B1,textures/load/spr_sprani_selector_cvt_Exst/D41D0B1_512x64.dds,c127_pixel_visual_policy_pass_pending_ingame,localized_candidate,pinned_public_source,https://raw.githubusercontent.com/Sonic-TV/OR2006Sprites/3ce344e7ed6b1b535f5e4d34c1192071ff7afbe6/Release/spr_sprani_selector_cvt_Exst/D41D0B1_512x64.dds,3ce344e7ed6b1b535f5e4d34c1192071ff7afbe6,524de4c0db3dbb69c6cda484ace71a9213a378e3e4895a035199ced0ac0a3617,2048x256,1,2048x256,0ac0b2d326914d88f13689eb9be3df6b06111582dd1ba19d2849e7f1be8a8a80,034_q112_D41D0B1.jpg
35,116,E3FD08BE,textures/load/spr_sprani_selector_cvt_Exst/E3FD08BE_512x64.dds,c91_pixel_visual_pass_pending_ingame,localized_candidate,pinned_public_source,https://raw.githubusercontent.com/Sonic-TV/OR2006Sprites/3ce344e7ed6b1b535f5e4d34c1192071ff7afbe6/Release/spr_sprani_selector_cvt_Exst/E3FD08BE_512x64.dds,3ce344e7ed6b1b535f5e4d34c1192071ff7afbe6,ebc2d866597955c6e802de65eff2d07e048f66b4ae2770fffd86b81b61fd5845,2048x256,1,2048x256,3fbf7b03834549de10277947043ca8dd15d05fd729cd8441174b74581b532c9f,035_q116_E3FD08BE.jpg
36,128,12519155,textures/load/spr_sprani_sumo_fe_cvt_Exst/12519155_256x256.dds,c132_pixel_visual_policy_pass_pending_ingame,localized_candidate,pinned_public_source,https://raw.githubusercontent.com/Sonic-TV/OR2006Sprites/3ce344e7ed6b1b535f5e4d34c1192071ff7afbe6/Release/spr_sprani_sumo_fe_cvt_Exst/12519155_256x256.dds,3ce344e7ed6b1b535f5e4d34c1192071ff7afbe6,ad88efc25b705be8960f373f8a06ea88ce39f086857e68c851595f7c867c14c3,1024x1024,1,1024x1024,14bc44a69775206c5771023408d0752ee925542fda48359c14c4e5b2f767119d,036_q128_12519155.jpg
37,130,1762489B,textures/load/spr_sprani_sumo_fe_cvt_Exst/1762489B_512x128.dds,c133_pixel_visual_policy_pass_pending_ingame,localized_candidate,pinned_public_source,https://raw.githubusercontent.com/Sonic-TV/OR2006Sprites/3ce344e7ed6b1b535f5e4d34c1192071ff7afbe6/Release/spr_sprani_sumo_fe_cvt_Exst/1762489B_512x128.dds,3ce344e7ed6b1b535f5e4d34c1192071ff7afbe6,c64baefa65663bc247c33f2f7a72c4ea49990e2a0edb409f186b090dfd3460ac,2048x512,1,2048x512,324f677c4afc482ef3dbcf0cd226514a68847ee872d1eeda75b9311a9cb7a871,037_q130_1762489B.jpg
38,132,1F5FE6E9,textures/load/spr_sprani_sumo_fe_cvt_Exst/1F5FE6E9_1024x512.dds,c139_pixel_visual_policy_pass_pending_ingame,localized_candidate,repository_stock_original_zip,localization/validation/binary_compare/original/OutRun2_ORIGINAL_matching_FULL_DRAFT.zip#textures/load/spr_sprani_sumo_fe_cvt_Exst/1F5FE6E9_1024x512.dds,,3656adbd699b7852cb5fcf4bb01fc4f1f65bbd9d7d39e12e7a1c2ac5a49fef1d,1024x512,1,1024x512,e503bb29d87501453e3f0ba4b7b9528a4cc53a198a148845ea8cdad6c97ec6be,038_q132_1F5FE6E9.jpg
39,133,25F697C6,textures/load/spr_sprani_sumo_fe_cvt_Exst/25F697C6_512x512.dds,c188_pixel_visual_policy_pass_pending_ingame,localized_candidate,pinned_public_source,https://raw.githubusercontent.com/Sonic-TV/OR2006Sprites/3ce344e7ed6b1b535f5e4d34c1192071ff7afbe6/Release/spr_sprani_sumo_fe_cvt_Exst/25F697C6_512x512.dds,3ce344e7ed6b1b535f5e4d34c1192071ff7afbe6,8b59df1eaccdba160cb321335954890d8c4d7d3e793cf83a554c62b707615b04,2048x2048,1,2048x2048,08352925a1c7b62a177776fc0f7350d334d4057a9e7b8f9b7e94eaa05f2c4013,039_q133_25F697C6.jpg
40,135,2B0863D6,textures/load/spr_sprani_sumo_fe_cvt_Exst/2B0863D6_512x64.dds,c109_pixel_visual_policy_pass_pending_ingame,localized_candidate,pinned_public_source,https://raw.githubusercontent.com/Sonic-TV/OR2006Sprites/3ce344e7ed6b1b535f5e4d34c1192071ff7afbe6/Release/spr_sprani_sumo_fe_cvt_Exst/2B0863D6_512x64.dds,3ce344e7ed6b1b535f5e4d34c1192071ff7afbe6,dafe21ec29ace60273f3ec10a40072446f3f28232b3f9a8acce3897ade1eff06,2048x256,1,2048x256,2f3e99f468367e056ee3c6edfdb412b1fe5f10f27387a463472b07aeaa335fbb,040_q135_2B0863D6.jpg
41,139,313DB8CB,textures/load/spr_sprani_sumo_fe_cvt_Exst/313DB8CB_512x256.dds,c116_pixel_visual_policy_pass_pending_ingame,localized_candidate,pinned_public_source,https://raw.githubusercontent.com/Sonic-TV/OR2006Sprites/3ce344e7ed6b1b535f5e4d34c1192071ff7afbe6/Release/spr_sprani_sumo_fe_cvt_Exst/313DB8CB_512x256.dds,3ce344e7ed6b1b535f5e4d34c1192071ff7afbe6,4c85be80485375876cdcc6be0ebd1e5578032894a194a820b47f01b271fe4786,2048x1024,1,2048x1024,c44a9ccd62e2b78fb17ec10f7a50a6de32dc1a0f84a44f2595b3e7ffaa0cc0ea,041_q139_313DB8CB.jpg
42,140,31C58963,textures/load/spr_sprani_sumo_fe_cvt_Exst/31C58963_512x256.dds,c140_pixel_visual_policy_pass_pending_ingame,localized_candidate,pinned_public_source,https://raw.githubusercontent.com/Sonic-TV/OR2006Sprites/3ce344e7ed6b1b535f5e4d34c1192071ff7afbe6/Release/spr_sprani_sumo_fe_cvt_Exst/31C58963_512x256.dds,3ce344e7ed6b1b535f5e4d34c1192071ff7afbe6,ae048d04fef96108f6ee30c41022aedb78083d76386448df5483ae0ccd083dcd,2048x1024,1,2048x1024,ecc7efdde172f410c85207ecdc5bbfd5bac95c753341763ad6afb9a6a7f1b3f2,042_q140_31C58963.jpg
43,147,39BCA907,textures/load/spr_sprani_sumo_fe_cvt_Exst/39BCA907_512x256.dds,c192_pixel_visual_policy_pass_pending_ingame,localized_candidate,pinned_public_source,https://raw.githubusercontent.com/Sonic-TV/OR2006Sprites/3ce344e7ed6b1b535f5e4d34c1192071ff7afbe6/Release/spr_sprani_sumo_fe_cvt_Exst/39BCA907_512x256.dds,3ce344e7ed6b1b535f5e4d34c1192071ff7afbe6,b913c9670288f7b67be514ddb4bc7eaba97fe70e0e640ba744429bbb4e5625a5,2048x1024,1,2048x1024,6f59084b340a2a2bc56bd72b276c4cd264aaabfb7e76b013fe190a8f9cb0417b,043_q147_39BCA907.jpg
44,152,49BB5FE5,textures/load/spr_sprani_sumo_fe_cvt_Exst/49BB5FE5_128x32.dds,c213_preserve_original_policy_pass_no_candidate_required,policy_pass_no_candidate,pinned_public_source,https://raw.githubusercontent.com/Sonic-TV/OR2006Sprites/3ce344e7ed6b1b535f5e4d34c1192071ff7afbe6/Release/spr_sprani_sumo_fe_cvt_Exst/49BB5FE5_128x32.dds,3ce344e7ed6b1b535f5e4d34c1192071ff7afbe6,de306cb464b93f6bc3ec63dc9b35b23089ce7d557d1d67fa42d6bba00556fd77,512x128,1,512x128,,044_q152_49BB5FE5.jpg
45,154,4D38BBB0,textures/load/spr_sprani_sumo_fe_cvt_Exst/4D38BBB0_1024x256.dds,c141_pixel_visual_policy_pass_pending_ingame,localized_candidate,pinned_public_source,https://raw.githubusercontent.com/Sonic-TV/OR2006Sprites/3ce344e7ed6b1b535f5e4d34c1192071ff7afbe6/Release/spr_sprani_sumo_fe_cvt_Exst/4D38BBB0_1024x256.dds,3ce344e7ed6b1b535f5e4d34c1192071ff7afbe6,15a10e6b44ca5f1267fdf24eebbe902bb18a77b3903896370e183fea8a401bcf,4096x1024,1,4096x1024,c92e095672a69a26191a635b509aa2f6a25be41836128b2d5f44163c3dc2908a,045_q154_4D38BBB0.jpg
46,159,4EDA9DE3,textures/load/spr_sprani_sumo_fe_cvt_Exst/4EDA9DE3_512x256.dds,c195_pixel_visual_policy_pass_pending_ingame,localized_candidate,pinned_public_source,https://raw.githubusercontent.com/Sonic-TV/OR2006Sprites/3ce344e7ed6b1b535f5e4d34c1192071ff7afbe6/Release/spr_sprani_sumo_fe_cvt_Exst/4EDA9DE3_512x256.dds,3ce344e7ed6b1b535f5e4d34c1192071ff7afbe6,7ed5e0c85d3ef42b770dad21bdfa331b5eef374b80bff27bc1715f3c5b29fdbd,2048x1024,1,2048x1024,8c9ba9886d993b30cc304d658fea0f180ca715dbe4ae31c181e7cd66c11c9fd5,046_q159_4EDA9DE3.jpg
47,161,55B57CDE,textures/load/spr_sprani_sumo_fe_cvt_Exst/55B57CDE_512x512.dds,c201_pixel_visual_policy_pass_pending_ingame,localized_candidate,pinned_public_source,https://raw.githubusercontent.com/Sonic-TV/OR2006Sprites/3ce344e7ed6b1b535f5e4d34c1192071ff7afbe6/Release/spr_sprani_sumo_fe_cvt_Exst/55B57CDE_512x512.dds,3ce344e7ed6b1b535f5e4d34c1192071ff7afbe6,a74d31016e9ab38da4f6bd9a37196848534b9a1c8ac04db3f071000030681c4d,2048x2048,1,2048x2048,78ec82df081e753b51d24dffde05d069371c027b537b44b70a5b5837a6dd4812,047_q161_55B57CDE.jpg
48,163,59A79158,textures/load/spr_sprani_sumo_fe_cvt_Exst/59A79158_256x512.dds,c203_pixel_visual_policy_pass_pending_ingame,localized_candidate,pinned_public_source,https://raw.githubusercontent.com/Sonic-TV/OR2006Sprites/3ce344e7ed6b1b535f5e4d34c1192071ff7afbe6/Release/spr_sprani_sumo_fe_cvt_Exst/59A79158_256x512.dds,3ce344e7ed6b1b535f5e4d34c1192071ff7afbe6,7cf4f4c63eb95aea8b98a652051eb4c453596c2214124983d63c46a2f152885d,1024x2048,1,1024x2048,1ea13a96c0f1e670b7455561b747e1bc85871e3e9419d52cd1ee493afd94b583,048_q163_59A79158.jpg
49,164,5B65E08C,textures/load/spr_sprani_sumo_fe_cvt_Exst/5B65E08C_512x256.dds,c108_pixel_visual_policy_pass_pending_ingame,localized_candidate,pinned_public_source,https://raw.githubusercontent.com/Sonic-TV/OR2006Sprites/3ce344e7ed6b1b535f5e4d34c1192071ff7afbe6/Release/spr_sprani_sumo_fe_cvt_Exst/5B65E08C_512x256.dds,3ce344e7ed6b1b535f5e4d34c1192071ff7afbe6,5ca485fc5bcad59ba4d23225a951660a5009c436cac23b590946cb1a64e4634e,2048x1024,1,2048x1024,33da77625f6b6af22cab72db30394b6b8c0bdd78e9f9a6166f273d6fab4da609,049_q164_5B65E08C.jpg
50,175,754F0599,textures/load/spr_sprani_sumo_fe_cvt_Exst/754F0599_512x256.dds,c171_pixel_visual_policy_pass_pending_ingame,localized_candidate,pinned_public_source,https://raw.githubusercontent.com/Sonic-TV/OR2006Sprites/3ce344e7ed6b1b535f5e4d34c1192071ff7afbe6/Release/spr_sprani_sumo_fe_cvt_Exst/754F0599_512x256.dds,3ce344e7ed6b1b535f5e4d34c1192071ff7afbe6,9314372585b8309f2f8b3e714076ef1ad1999d770422a570398ef20a80ac10a5,2048x1024,1,2048x1024,884f333b7217fd975aec1c1fc81c98bfd4287e52dc60255eb6b06803430b2250,050_q175_754F0599.jpg
51,195,9CE4E175,textures/load/spr_sprani_sumo_fe_cvt_Exst/9CE4E175_256x32.dds,c125_pixel_visual_policy_pass_pending_ingame,localized_candidate,pinned_public_source,https://raw.githubusercontent.com/Sonic-TV/OR2006Sprites/3ce344e7ed6b1b535f5e4d34c1192071ff7afbe6/Release/spr_sprani_sumo_fe_cvt_Exst/9CE4E175_256x32.dds,3ce344e7ed6b1b535f5e4d34c1192071ff7afbe6,6fee06730412c51e8f1e3db19ad1d43a12ce3eb9df8806812a46818715d92b2b,1024x128,1,1024x128,cdb00269deb765e733a1da9dbc69e51d06f70d8b8f0fef453abbf67f685430b2,051_q195_9CE4E175.jpg
52,197,9F060EC1,textures/load/spr_sprani_sumo_fe_cvt_Exst/9F060EC1_512x512.dds,c85_pixel_visual_pass_pending_ingame,localized_candidate,pinned_public_source,https://raw.githubusercontent.com/Sonic-TV/OR2006Sprites/3ce344e7ed6b1b535f5e4d34c1192071ff7afbe6/Release/spr_sprani_sumo_fe_cvt_Exst/9F060EC1_512x512.dds,3ce344e7ed6b1b535f5e4d34c1192071ff7afbe6,177e3be8f3a8fd4d0482bcf1849cbe333cef6f86486afbc4ca6307ec417c2e05,2048x2048,1,2048x2048,39d917ca74552a86b459d1110ddcc351a07705e078d75160aabae49c7de20a60,052_q197_9F060EC1.jpg
53,198,9FC88069,textures/load/spr_sprani_sumo_fe_cvt_Exst/9FC88069_1024x512.dds,c150_pixel_visual_policy_pass_pending_ingame,localized_candidate,pinned_public_source,https://raw.githubusercontent.com/Sonic-TV/OR2006Sprites/3ce344e7ed6b1b535f5e4d34c1192071ff7afbe6/Release/spr_sprani_sumo_fe_cvt_Exst/9FC88069_1024x512.dds,3ce344e7ed6b1b535f5e4d34c1192071ff7afbe6,2729b78176ec648039f5b45baf52b1a78e8586e6233baf9a6be4f351f5b1add4,4096x2048,1,4096x2048,34e7a924b46c98b0b714d6bebd40f7e94d352a26de269816e421db5242ad819c,053_q198_9FC88069.jpg
54,205,ACF61D7C,textures/load/spr_sprani_sumo_fe_cvt_Exst/ACF61D7C_1024x512.dds,c217_pixel_visual_policy_pass_pending_ingame,localized_candidate,pinned_public_source,https://raw.githubusercontent.com/Sonic-TV/OR2006Sprites/3ce344e7ed6b1b535f5e4d34c1192071ff7afbe6/Release/spr_sprani_sumo_fe_cvt_Exst/ACF61D7C_1024x512.dds,3ce344e7ed6b1b535f5e4d34c1192071ff7afbe6,58a75fe75b5672169dcc2ed1f9993d462d80b700d4e12dad453b70f2ab701a5f,4096x2048,1,4096x2048,2bbb9d19a833fb6c9ade243eb70132ef5ce46150d1fa1cb9423ff4e5101b770c,054_q205_ACF61D7C.jpg
55,215,C05E67EF,textures/load/spr_sprani_sumo_fe_cvt_Exst/C05E67EF_128x64.dds,c218_pixel_visual_policy_pass_pending_ingame,localized_candidate,pinned_public_source,https://raw.githubusercontent.com/Sonic-TV/OR2006Sprites/3ce344e7ed6b1b535f5e4d34c1192071ff7afbe6/Release/spr_sprani_sumo_fe_cvt_Exst/C05E67EF_128x64.dds,3ce344e7ed6b1b535f5e4d34c1192071ff7afbe6,c2bd35e7000a3a232c55e8435f607d3a034860b4be51a97311b36a03732454ff,512x256,1,512x256,0a0c8c9006dc7d45a10de8fd2927b56ba1fb1af77315db213f4acabe5c3cd05b,055_q215_C05E67EF.jpg
56,222,DDF0392A,textures/load/spr_sprani_sumo_fe_cvt_Exst/DDF0392A_256x512.dds,c159_pixel_visual_policy_pass_pending_ingame,localized_candidate,pinned_public_source,https://raw.githubusercontent.com/Sonic-TV/OR2006Sprites/3ce344e7ed6b1b535f5e4d34c1192071ff7afbe6/Release/spr_sprani_sumo_fe_cvt_Exst/DDF0392A_256x512.dds,3ce344e7ed6b1b535f5e4d34c1192071ff7afbe6,bcfad5a1a71ab66c841134b0f3f3aa8fa5571b806bd3945dabeca3722d18fb72,1024x2048,1,1024x2048,e0d04c144aec92aad090dd2d5f7895f956a1001cafca319d1b0f4681fd7e0fea,056_q222_DDF0392A.jpg
57,226,E3F4BA07,textures/load/spr_sprani_sumo_fe_cvt_Exst/E3F4BA07_512x128.dds,c143_pixel_visual_policy_pass_pending_ingame,localized_candidate,pinned_public_source,https://raw.githubusercontent.com/Sonic-TV/OR2006Sprites/3ce344e7ed6b1b535f5e4d34c1192071ff7afbe6/Release/spr_sprani_sumo_fe_cvt_Exst/E3F4BA07_512x128.dds,3ce344e7ed6b1b535f5e4d34c1192071ff7afbe6,fb31e9f62e0d46c4554646be2f32d70cb015e8fdbc269189bf9d76a26eab5b72,2048x512,1,2048x512,1042102e5f298628ce874fe86a5562211f8a02c87fdd4de55324679f84d8f12c,057_q226_E3F4BA07.jpg
58,228,E7F6E9B7,textures/load/spr_sprani_sumo_fe_cvt_Exst/E7F6E9B7_512x512.dds,c144_pixel_visual_policy_pass_pending_ingame,localized_candidate,pinned_public_source,https://raw.githubusercontent.com/Sonic-TV/OR2006Sprites/3ce344e7ed6b1b535f5e4d34c1192071ff7afbe6/Release/spr_sprani_sumo_fe_cvt_Exst/E7F6E9B7_512x512.dds,3ce344e7ed6b1b535f5e4d34c1192071ff7afbe6,3f98c940c51d2f054934d4e0b7c7d9745f9f8ad71d68548b0b336c62c1cf5154,2048x2048,1,2048x2048,6e880cb7614531a95b5dcc8cda311423b8a6cbeaf6b7f6c2d0fc5befcca6d607,058_q228_E7F6E9B7.jpg
59,230,E95DA5,textures/load/spr_sprani_sumo_fe_cvt_Exst/E95DA5_512x256.dds,c149_pixel_visual_policy_pass_pending_ingame,localized_candidate,pinned_public_source,https://raw.githubusercontent.com/Sonic-TV/OR2006Sprites/3ce344e7ed6b1b535f5e4d34c1192071ff7afbe6/Release/spr_sprani_sumo_fe_cvt_Exst/E95DA5_512x256.dds,3ce344e7ed6b1b535f5e4d34c1192071ff7afbe6,33077919771f580491b8ea1011401dc22df640f87b5b0e6f602b112dbdb07b81,2048x1024,1,2048x1024,d039f8d01ea744224caff7bb6c4f5d72233cd9bde48555dcb642008df91ac92b,059_q230_E95DA5.jpg
60,232,EBFC709F,textures/load/spr_sprani_sumo_fe_cvt_Exst/EBFC709F_512x256.dds,c135_pixel_visual_policy_pass_pending_ingame,localized_candidate,pinned_public_source,https://raw.githubusercontent.com/Sonic-TV/OR2006Sprites/3ce344e7ed6b1b535f5e4d34c1192071ff7afbe6/Release/spr_sprani_sumo_fe_cvt_Exst/EBFC709F_512x256.dds,3ce344e7ed6b1b535f5e4d34c1192071ff7afbe6,ad7a1c21be17d1fa93463201a26a85a21899dbe1162d5c2748ddeb6136a4f9a0,2048x1024,1,2048x1024,7404fa227035e2fa003f4fa13f1bd348a050317757d7761c9d638f5fc1a01da4,060_q232_EBFC709F.jpg
61,236,FEF70E85,textures/load/spr_sprani_sumo_fe_cvt_Exst/FEF70E85_512x512.dds,c153_pixel_visual_policy_pass_pending_ingame,localized_candidate,pinned_public_source,https://raw.githubusercontent.com/Sonic-TV/OR2006Sprites/3ce344e7ed6b1b535f5e4d34c1192071ff7afbe6/Release/spr_sprani_sumo_fe_cvt_Exst/FEF70E85_512x512.dds,3ce344e7ed6b1b535f5e4d34c1192071ff7afbe6,a1c7f7d6ca5d2440076e49477cefecbf5084b4188072f3427ff13e5da24bc518,2048x2048,1,2048x2048,e6d12ebf9b48192067c3f31bad0ffcb81f5f77c7370f7d43dfd9a4d04df5d086,061_q236_FEF70E85.jpg
62,241,E1639D2E,textures/load/spr_sprani_sumo_loading_Exst/E1639D2E_256x64.dds,c165_pixel_visual_policy_pass_pending_ingame,localized_candidate,pinned_public_source,https://raw.githubusercontent.com/Sonic-TV/OR2006Sprites/3ce344e7ed6b1b535f5e4d34c1192071ff7afbe6/Release/spr_sprani_sumo_loading_Exst/E1639D2E_256x64.dds,3ce344e7ed6b1b535f5e4d34c1192071ff7afbe6,e250a41e7c59ccd5b8a68a02aace066f6578fbe0d84a365d7a0a27044b353511,1024x256,1,1024x256,fe9bb931d94a13a44a08bcf61b6325c01080b462afff84f92c97205cbe0eea65,062_q241_E1639D2E.jpg
