unit_id	target_sha	dependency_identity	file_path	function_or_code_path	review_lens	hypothesis_category	hypothesis	concrete_evidence	disposition	type	regression_case_keys
A-2100-001	c4dd697e2b1f33d3b8af6ab254f378a1cc421248	6ac44a156e93458ecbf0b9b06028ff89b97f0088	vrhost/src/main.cpp	StereoCompositor::Acquire	architecture_lifetime	swapchain_ownership	Acquire success followed by wait failure needs ownership-safe handling.	Exact source acquires then waits; active composition must be considered before promotion.	TRACE_TO_EXISTING_KEY	FRESH_REVIEW	
A-2100-002	c4dd697e2b1f33d3b8af6ab254f378a1cc421248	issue6-5766294487	vrhost/src/runtime/bounded_swapchain_wait.hpp	WaitSwapchainImage	cross_subsystem_trace	composition_trace	Raw XR_INFINITE_DURATION is not the active production behavior.	Issue #6 correction proves MSVC forced-include bounded wrapper owns the wait call and falsifies single infinite-wait claim.	TRACE_VALIDATED	FRESH_REVIEW	
A-2100-003	c4dd697e2b1f33d3b8af6ab254f378a1cc421248	issue6-5767187682	vrhost/src/runtime/sbs_capture_override.hpp	Acquire	adversarial_falsification	failed_wait_release	Falsify A provisional fix direction of unconditional release after wait failure.	Existing finding records acquired=true/waited=false retained intentionally; release before successful wait is prohibited by ordering invariant.	FALSIFIED_DUPLICATE	FRESH_REVIEW	
A-2100-004	c4dd697e2b1f33d3b8af6ab254f378a1cc421248	issue6-5767187682	vrhost/src/runtime/sbs_capture_override.hpp	Acquire retry	architecture_lifetime	bounded_retry_lifetime	Persistent wait failure can retain ownership across frames.	Existing exact finding shows same acquired image is retried after each bounded budget exhaustion.	EVIDENCE_AUGMENT	FRESH_REVIEW	
A-2100-005	c4dd697e2b1f33d3b8af6ab254f378a1cc421248	issue6-5767187682	vrhost/src/runtime/d3d9ex_direct_passthrough.hpp	RenderSafeProjection	cross_subsystem_trace	final_owner_trace	Trace acquired-not-waited state into final DirectGPU projection owner.	Issue #6 dependency explicitly covers final DirectGPU projection interaction and repeated bounded retry.	READY_FOR_C_EXISTING	FRESH_REVIEW	
A-2100-006	c4dd697e2b1f33d3b8af6ab254f378a1cc421248	issue6-5767187682	OpenXR swapchain	wait timeout -> next frame	adversarial_falsification	transient_recovery	Transient first-budget failure must remain recoverable on same image.	Existing deterministic verifier requires later successful wait to recover without premature release.	FALSIFIED_OVERAGGRESSIVE_RECOVERY	FRESH_REVIEW	
A-2100-007	c4dd697e2b1f33d3b8af6ab254f378a1cc421248	issue6-5767187682	OpenXR swapchain	persistent wait timeout	architecture_lifetime	recovery_escalation	Persistent starvation needs bounded escalation rather than endless per-frame budget.	Existing finding documents ~250ms budget repeated every frame and no consecutive-failure recovery state.	READY_FOR_C_EXISTING	FRESH_REVIEW	
A-2100-008	c4dd697e2b1f33d3b8af6ab254f378a1cc421248	issue6-5767187682	OpenXR swapchain	wait->release ordering	cross_subsystem_trace	ownership_order	Wait success is the boundary that permits release.	Existing verifier requires no xrReleaseSwapchainImage before successful wait.	TRACE_VALIDATED	FRESH_REVIEW	
A-2100-009	c4dd697e2b1f33d3b8af6ab254f378a1cc421248	issue6-5767187682	OpenXR swapchain	wait failure runtime truth	adversarial_falsification	runtime_evidence	Do not infer Quest/VDXR occurrence from static path.	Issue #6 notes no current runtime log proves repeated starvation; LEVEL2 only if observed.	FALSIFIED_RUNTIME_CLAIM	FRESH_REVIEW	
A-2100-010	c4dd697e2b1f33d3b8af6ab254f378a1cc421248	issue6-5767187682	OpenXR swapchain	A provisional key dedup	architecture_lifetime	dedup	XR-SWAPCHAIN-ACQUIRE-WAIT-RELEASE-001 should not become a second key.	Same ownership state, failure phase and recovery objective already exist under VR-OPENXR-BOUNDED-WAIT-RETRY-STALL-001.	DUPLICATE	FRESH_REVIEW	
A-2100-011	c4dd697e2b1f33d3b8af6ab254f378a1cc421248	db37726470322c6815cec7d547aebe73f17029ac	src/vr/d3d9/ex_device_upgrade_r15.cpp	ResetCompatDeviceR15	architecture_lifetime	reset_safety_block	Reset begins fail-closed before lower ResetEx work.	Exact source stores reset health false and sets external safety block true for compat device before calling R13.	NO_NEW_DEFECT	FRESH_REVIEW	VR-STARTUP-WHITE-001
A-2100-012	c4dd697e2b1f33d3b8af6ab254f378a1cc421248	80ce04900a7699aaefb7e040e25cab4a01618dbe	src/vr/d3d9/ex_device_upgrade_r13.cpp	ResetCompatDevice	cross_subsystem_trace	reset_owner_trace	Trace R15 reset gate into authoritative ResetEx owner.	R15 trampoline calls R13 ResetCompatDevice; R13 QIs IDirect3DDevice9Ex and calls ResetEx.	TRACE_VALIDATED	FRESH_REVIEW	VR-STARTUP-WHITE-001
A-2100-013	c4dd697e2b1f33d3b8af6ab254f378a1cc421248	db37726470322c6815cec7d547aebe73f17029ac	src/vr/d3d9/ex_device_upgrade_r15.cpp	ResetCompatDeviceR15 lower failure	adversarial_falsification	reset_failure	Falsify failed ResetEx accidentally reopening stereo.	On !handled or FAILED(result), R15 returns while health remains false and external safety block remains true.	FALSIFIED_NO_NEW_DEFECT	FRESH_REVIEW	VR-STARTUP-WHITE-001
A-2100-014	c4dd697e2b1f33d3b8af6ab254f378a1cc421248	80ce04900a7699aaefb7e040e25cab4a01618dbe	src/vr/d3d9/ex_device_upgrade_r13.cpp	ResetCompatDevice::QueryInterface	architecture_lifetime	reset_interface	Compat reset requires Ex interface before ResetEx.	QI failure returns false without ResetEx; upper R15 safety block remains closed.	NO_NEW_DEFECT	FRESH_REVIEW	
A-2100-015	c4dd697e2b1f33d3b8af6ab254f378a1cc421248	80ce04900a7699aaefb7e040e25cab4a01618dbe	src/vr/d3d9/ex_device_upgrade_r13.cpp	BuildFullscreenMode->ResetEx	cross_subsystem_trace	presentation_reset_trace	Trace legacy params into Ex fullscreen mode and ResetEx.	R13 builds optional D3DDISPLAYMODEEX then calls deviceEx->ResetEx(params,fullscreenPtr).	TRACE_VALIDATED	FRESH_REVIEW	
A-2100-016	c4dd697e2b1f33d3b8af6ab254f378a1cc421248	80ce04900a7699aaefb7e040e25cab4a01618dbe	src/vr/d3d9/ex_device_upgrade_r13.cpp	ResetEx failure	adversarial_falsification	presentation_state	Falsify presentation state updated after failed ResetEx.	UpdateCompatPresentationState and RestoreClassicResetState execute only on SUCCEEDED(result).	FALSIFIED_NO_NEW_DEFECT	FRESH_REVIEW	
A-2100-017	c4dd697e2b1f33d3b8af6ab254f378a1cc421248	db37726470322c6815cec7d547aebe73f17029ac	src/vr/d3d9/ex_device_upgrade_r15.cpp	coreHealthy+extraHealthy	architecture_lifetime	reset_replay_health	Stereo reopening depends on both reset replay families.	R15 healthy=coreHealthy&&extraHealthy and publishes safety block inverse.	NO_NEW_DEFECT	FRESH_REVIEW	VR-STARTUP-WHITE-001
A-2100-018	c4dd697e2b1f33d3b8af6ab254f378a1cc421248	db37726470322c6815cec7d547aebe73f17029ac	src/vr/d3d9/ex_device_upgrade_r15.cpp	RestoreClassicResetState->R15RestoreClassicExtraBaseline	cross_subsystem_trace	state_family_trace	Trace core render/stage/sampler/binding replay into extra transforms/material/clip/palette/constants replay.	Exact R15 source performs both after successful lower ResetEx.	TRACE_VALIDATED	FRESH_REVIEW	
A-2100-019	c4dd697e2b1f33d3b8af6ab254f378a1cc421248	db37726470322c6815cec7d547aebe73f17029ac	src/vr/d3d9/ex_device_upgrade_r15.cpp	extra replay failure	adversarial_falsification	reset_replay_failure	Falsify partial extra replay treated healthy.	Any setter failure flips extraHealthy false; combined health remains false and safety block stays set.	FALSIFIED_NO_NEW_DEFECT	FRESH_REVIEW	
A-2100-020	c4dd697e2b1f33d3b8af6ab254f378a1cc421248	db37726470322c6815cec7d547aebe73f17029ac	src/vr/d3d9/ex_device_upgrade_r15.cpp	R15ZeroClassicShaderConstants	architecture_lifetime	shader_constant_reset	Shader constant baseline is explicit and capability bounded.	Vertex float count uses caps; VS/PS integer/bool families gated by shader major version.	NO_NEW_DEFECT	FRESH_REVIEW	
A-2100-021	c4dd697e2b1f33d3b8af6ab254f378a1cc421248	db37726470322c6815cec7d547aebe73f17029ac	src/vr/d3d9/ex_device_upgrade_r15.cpp	shader constants->reset health	cross_subsystem_trace	state_health_trace	Trace constant restore failure into stereo eligibility.	R15ZeroClassicShaderConstants false propagates through extraHealthy to external safety block.	TRACE_VALIDATED	FRESH_REVIEW	
A-2100-022	c4dd697e2b1f33d3b8af6ab254f378a1cc421248	db37726470322c6815cec7d547aebe73f17029ac	src/vr/d3d9/ex_device_upgrade_r15.cpp	GetDeviceCaps failure	adversarial_falsification	state_health_failure	Falsify missing caps silently accepted.	GetDeviceCaps failure returns false and keeps reset unhealthy.	FALSIFIED_NO_NEW_DEFECT	FRESH_REVIEW	
A-2100-023	c4dd697e2b1f33d3b8af6ab254f378a1cc421248	db37726470322c6815cec7d547aebe73f17029ac	src/vr/d3d9/ex_device_upgrade_r15.cpp	R15ClassicExtraMutex	architecture_lifetime	baseline_snapshot_lifetime	Baseline snapshot read/write is mutex protected.	Capture writes under lock; restore copies under same lock before issuing device setters.	NO_NEW_DEFECT	FRESH_REVIEW	
A-2100-024	c4dd697e2b1f33d3b8af6ab254f378a1cc421248	db37726470322c6815cec7d547aebe73f17029ac	src/vr/d3d9/ex_device_upgrade_r15.cpp	baseline snapshot->ResetEx	cross_subsystem_trace	baseline_lifetime_trace	Fresh-device baseline persists across later ResetEx calls.	Install capture marks ready; reset copies baseline and restores after successful ResetEx.	TRACE_VALIDATED	FRESH_REVIEW	
A-2100-025	c4dd697e2b1f33d3b8af6ab254f378a1cc421248	db37726470322c6815cec7d547aebe73f17029ac	src/vr/d3d9/ex_device_upgrade_r15.cpp	baseline not ready	adversarial_falsification	baseline_missing	Falsify ResetEx replay using zero/uninitialized extra baseline.	R15RestoreClassicExtraBaseline returns false when ready is false; safety block remains closed.	FALSIFIED_NO_NEW_DEFECT	FRESH_REVIEW	
A-2100-026	c4dd697e2b1f33d3b8af6ab254f378a1cc421248	db37726470322c6815cec7d547aebe73f17029ac	src/vr/d3d9/ex_device_upgrade_r15.cpp	InstallManagedResourceCompatR15	architecture_lifetime	promotion_transaction	Ex promotion captures baseline before stereo handoff/device exposure.	Exact source calls lower install then captures baseline and rejects promotion transactionally on failure.	NO_NEW_DEFECT	FRESH_REVIEW	VR-STARTUP-WHITE-001
A-2100-027	c4dd697e2b1f33d3b8af6ab254f378a1cc421248	db37726470322c6815cec7d547aebe73f17029ac	src/vr/d3d9/ex_device_upgrade_r15.cpp	promotion->InstallStereoHooksSynchronously	cross_subsystem_trace	create_device_handoff	Trace final compat validation into synchronous stereo hook handoff.	DisarmLegacyResetHook then InstallStereoHooksSynchronously occurs before promoted device escapes CreateDevice.	TRACE_VALIDATED	FRESH_REVIEW	VR-STARTUP-WHITE-001
A-2100-028	c4dd697e2b1f33d3b8af6ab254f378a1cc421248	db37726470322c6815cec7d547aebe73f17029ac	src/vr/d3d9/ex_device_upgrade_r15.cpp	stereo handoff failure	adversarial_falsification	promotion_failure	Falsify failed stereo install exposing compat device.	Failure abandons compat device, clears hooks/baseline and returns false before exposure.	FALSIFIED_NO_NEW_DEFECT	FRESH_REVIEW	VR-STARTUP-WHITE-001
A-2100-029	c4dd697e2b1f33d3b8af6ab254f378a1cc421248	80ce04900a7699aaefb7e040e25cab4a01618dbe	src/vr/d3d9/ex_device_upgrade_r13.cpp	DisarmLegacyResetHook	architecture_lifetime	reset_owner_transfer	Legacy reset hook is removed synchronously during final handoff.	Exact R13 function clears ResetCompatHook and logs stereo Reset callback as sole owner.	NO_NEW_DEFECT	FRESH_REVIEW	
A-2100-030	c4dd697e2b1f33d3b8af6ab254f378a1cc421248	80ce04900a7699aaefb7e040e25cab4a01618dbe	src/vr/d3d9/ex_device_upgrade_r13.cpp	legacy reset->stereo reset	cross_subsystem_trace	ownership_transfer_trace	Trace removal of temporary ResetEx shim into layered stereo Reset callback ownership.	R13 comments explicitly retain temporary hook through R14/R15 then transfer immediately before exposure.	TRACE_VALIDATED	FRESH_REVIEW	
A-2100-031	c4dd697e2b1f33d3b8af6ab254f378a1cc421248	80ce04900a7699aaefb7e040e25cab4a01618dbe	src/vr/d3d9/ex_device_upgrade_r13.cpp	double reset owner	adversarial_falsification	reset_owner_race	Falsify externally visible gap/double owner at promotion boundary.	Temporary reset hook retained through final validation and disarmed synchronously before exposure; no game call can interleave pre-exposure.	FALSIFIED_NO_NEW_DEFECT	FRESH_REVIEW	
A-2100-032	c4dd697e2b1f33d3b8af6ab254f378a1cc421248	e1210bf3786c00b337711f7baf08b2ca3a4dc069	src/vr/d3d9/stereo_renderer_r23.cpp	PresentDestR23	architecture_lifetime	deferred_resource_init	Private stereo resources are deferred until a successful real game Present.	Exact final Present owner calls lower Present first and EnsureStereoResources only when SUCCEEDED(hr)&&!StereoResourcesReady.	NO_NEW_DEFECT	FRESH_REVIEW	VR-STARTUP-WHITE-001
A-2100-033	c4dd697e2b1f33d3b8af6ab254f378a1cc421248	e1210bf3786c00b337711f7baf08b2ca3a4dc069	src/vr/d3d9/stereo_renderer_r23.cpp	CreateDevice handoff->PresentDestR23	cross_subsystem_trace	startup_protection_trace	Trace no-pre-exposure allocation into deferred post-Present initialization.	R15 synchronous handoff installs hooks but R23 final Present owns first private eye/backbuffer resource initialization after lower Present success.	TRACE_VALIDATED	FRESH_REVIEW	VR-STARTUP-WHITE-001
A-2100-034	c4dd697e2b1f33d3b8af6ab254f378a1cc421248	e1210bf3786c00b337711f7baf08b2ca3a4dc069	src/vr/d3d9/stereo_renderer_r23.cpp	failed first Present	adversarial_falsification	startup_failure	Falsify failed first Present allocating private resources.	SUCCEEDED(hr) gate suppresses EnsureStereoResources on failed Present.	FALSIFIED_NO_NEW_DEFECT	FRESH_REVIEW	VR-STARTUP-WHITE-001
A-2100-035	c4dd697e2b1f33d3b8af6ab254f378a1cc421248	e1210bf3786c00b337711f7baf08b2ca3a4dc069	src/vr/d3d9/stereo_renderer_r23.cpp	deferred init failure	architecture_lifetime	startup_fail_closed	Failed deferred initialization leaves theater/fail-closed path.	Exact source logs warning and does not claim stereo ready when EnsureStereoResources fails.	NO_NEW_DEFECT	FRESH_REVIEW	VR-STARTUP-WHITE-001
A-2100-036	c4dd697e2b1f33d3b8af6ab254f378a1cc421248	e1210bf3786c00b337711f7baf08b2ca3a4dc069	src/vr/d3d9/stereo_renderer_r23.cpp	deferred init->recovery baseline	cross_subsystem_trace	startup_recovery_trace	Trace resource readiness into authoritative baseline seed rather than immediate stereo injection.	After resources ready, R23 recovery still requires baseline, host freshness and pose warmup gates.	TRACE_VALIDATED	FRESH_REVIEW	VR-STARTUP-WHITE-001
A-2100-037	c4dd697e2b1f33d3b8af6ab254f378a1cc421248	e1210bf3786c00b337711f7baf08b2ca3a4dc069	src/vr/d3d9/stereo_renderer_r23.cpp	StereoResourcesReady without baseline	adversarial_falsification	startup_gate	Falsify resources-ready alone opening stereo.	R23InitializeStereoFromAuthoritativeBaseline calls BaselineVerified then MayInjectStereo; resources readiness alone does not set gate.	FALSIFIED_NO_NEW_DEFECT	FRESH_REVIEW	VR-STARTUP-WHITE-001
A-2100-038	c4dd697e2b1f33d3b8af6ab254f378a1cc421248	e1210bf3786c00b337711f7baf08b2ca3a4dc069	src/vr/d3d9/stereo_renderer_r23.cpp	R23RecoveryNeedsBaseline	architecture_lifetime	recovery_state	Recovery baseline requires overlay ready, host fresh, recovery pending and stereo closed.	Exact predicate checks all four state conditions.	NO_NEW_DEFECT	FRESH_REVIEW	VR-STARTUP-WHITE-001
A-2100-039	c4dd697e2b1f33d3b8af6ab254f378a1cc421248	e1210bf3786c00b337711f7baf08b2ca3a4dc069	src/vr/d3d9/stereo_renderer_r23.cpp	RecoveryPending->ClearDestR23	cross_subsystem_trace	recovery_clear_trace	Trace recovery state into passive original Clear before any VR surface write.	Before seed, ClearDestR23 calls original Clear once and only later evaluates authoritative baseline.	TRACE_VALIDATED	FRESH_REVIEW	VR-STARTUP-WHITE-001
A-2100-040	c4dd697e2b1f33d3b8af6ab254f378a1cc421248	e1210bf3786c00b337711f7baf08b2ca3a4dc069	src/vr/d3d9/stereo_renderer_r23.cpp	partial clear	adversarial_falsification	baseline_rejection	Falsify partial viewport/scissor clear seeding private surfaces.	R22GameClearCoversBackbuffer must prove full game clear; otherwise R23Reject and return.	FALSIFIED_NO_NEW_DEFECT	FRESH_REVIEW	
A-2100-041	c4dd697e2b1f33d3b8af6ab254f378a1cc421248	e1210bf3786c00b337711f7baf08b2ca3a4dc069	src/vr/d3d9/stereo_renderer_r23.cpp	R23DepthBaselineSafe	architecture_lifetime	depth_generation	Depth baseline is bound to Present epoch, game draw serial and depth generation.	Exact predicate requires all three identities before seed.	NO_NEW_DEFECT	FRESH_REVIEW	
A-2100-042	c4dd697e2b1f33d3b8af6ab254f378a1cc421248	e1210bf3786c00b337711f7baf08b2ca3a4dc069	src/vr/d3d9/stereo_renderer_r23.cpp	depth baseline->private depth	cross_subsystem_trace	depth_recovery_trace	Trace proven game depth clear into private right/mono depth clears.	R23InitializeStereoFromAuthoritativeBaseline calls R23ClearPrivateDepth for both private surfaces when tracked depth exists.	TRACE_VALIDATED	FRESH_REVIEW	
A-2100-043	c4dd697e2b1f33d3b8af6ab254f378a1cc421248	e1210bf3786c00b337711f7baf08b2ca3a4dc069	src/vr/d3d9/stereo_renderer_r23.cpp	depth generation mismatch	adversarial_falsification	stale_depth	Falsify stale pre-reset/pre-rebind depth baseline accepted.	Generation equality with R9MainDepthGeneration is required; mismatch rejects seed.	FALSIFIED_NO_NEW_DEFECT	FRESH_REVIEW	
A-2100-044	c4dd697e2b1f33d3b8af6ab254f378a1cc421248	e1210bf3786c00b337711f7baf08b2ca3a4dc069	src/vr/d3d9/stereo_renderer_r23.cpp	R23HaveFreshCurrentFramePose	architecture_lifetime	pose_generation	First seed requires BeginScene progress and nonzero fresh pose sequence.	Predicate requires begin-scene count > last Present and valid latched pose with poseSequence !=0.	NO_NEW_DEFECT	FRESH_REVIEW	
A-2100-045	c4dd697e2b1f33d3b8af6ab254f378a1cc421248	e1210bf3786c00b337711f7baf08b2ca3a4dc069	src/vr/d3d9/stereo_renderer_r23.cpp	pose warmup->baseline	cross_subsystem_trace	pose_recovery_trace	Trace Present-armed warmup into next-frame authoritative seed.	Recovering clear arms warmup; successful Present calls ArmRecoveryPoseWarmup; later clear requires fresh current-frame pose.	TRACE_VALIDATED	FRESH_REVIEW	VR-STARTUP-WHITE-001
A-2100-046	c4dd697e2b1f33d3b8af6ab254f378a1cc421248	e1210bf3786c00b337711f7baf08b2ca3a4dc069	src/vr/d3d9/stereo_renderer_r23.cpp	stale latched pose	adversarial_falsification	pose_staleness	Falsify prior-Present pose seeding recovery.	BeginScene count must advance beyond R23LastPresentBeginScene and pose must be valid/nonzero.	FALSIFIED_NO_NEW_DEFECT	FRESH_REVIEW	
A-2100-047	c4dd697e2b1f33d3b8af6ab254f378a1cc421248	e1210bf3786c00b337711f7baf08b2ca3a4dc069	src/vr/d3d9/stereo_renderer_r23.cpp	R23RestoreActualGameState	architecture_lifetime	state_restore	Private baseline writes restore game RT/depth/viewport/scissor state.	Exact helper restores saved RT/depth and live viewport/scissor/scissor-enable; failure rejects seed.	NO_NEW_DEFECT	FRESH_REVIEW	
A-2100-048	c4dd697e2b1f33d3b8af6ab254f378a1cc421248	e1210bf3786c00b337711f7baf08b2ca3a4dc069	src/vr/d3d9/stereo_renderer_r23.cpp	private pass->game state	cross_subsystem_trace	state_restore_trace	Trace internal right/mono clear pass back to game state before opening eligibility.	Restore occurs inside internal scope and ok must remain true before seed flags/eligibility update.	TRACE_VALIDATED	FRESH_REVIEW	
A-2100-049	c4dd697e2b1f33d3b8af6ab254f378a1cc421248	e1210bf3786c00b337711f7baf08b2ca3a4dc069	src/vr/d3d9/stereo_renderer_r23.cpp	restore failure	adversarial_falsification	state_restore_failure	Falsify failed game-state restore still opening stereo.	Restore failure sets ok=false; function returns before R9StereoSeeded/BaselineVerified.	FALSIFIED_NO_NEW_DEFECT	FRESH_REVIEW	
A-2100-050	c4dd697e2b1f33d3b8af6ab254f378a1cc421248	e1210bf3786c00b337711f7baf08b2ca3a4dc069	src/vr/d3d9/stereo_renderer_r23.cpp	R23SetRenderTargetDestR23	architecture_lifetime	implicit_state_transition	SetRenderTarget implicit viewport/scissor transitions are resampled.	Successful game RT0 change forces R23CaptureActualGameState.	NO_NEW_DEFECT	FRESH_REVIEW	
A-2100-051	c4dd697e2b1f33d3b8af6ab254f378a1cc421248	e1210bf3786c00b337711f7baf08b2ca3a4dc069	src/vr/d3d9/stereo_renderer_r23.cpp	SetRenderTarget->shadow state	cross_subsystem_trace	state_shadow_trace	Trace implicit device transition into cached replay authority.	Capture resynchronizes R22ShadowState from live device state after RT change.	TRACE_VALIDATED	FRESH_REVIEW	
A-2100-052	c4dd697e2b1f33d3b8af6ab254f378a1cc421248	e1210bf3786c00b337711f7baf08b2ca3a4dc069	src/vr/d3d9/stereo_renderer_r23.cpp	state capture failure	adversarial_falsification	state_shadow_failure	Falsify failed live-state capture leaving stale shadow authoritative.	Failure clears R22ShadowState/sample identities and invokes fail-closed replay state.	FALSIFIED_NO_NEW_DEFECT	FRESH_REVIEW	
A-2100-053	c4dd697e2b1f33d3b8af6ab254f378a1cc421248	e1210bf3786c00b337711f7baf08b2ca3a4dc069	src/vr/d3d9/stereo_renderer_r23.cpp	R23DiagnoseHostFreshness	architecture_lifetime	host_freshness	Host freshness requires valid mapping/header, PID, flags and bounded QPC age.	Exact helper rejects missing/invalid mapping, hostPid, HostAlive, SessionVisible, HostShouldRender and stale sample.	NO_NEW_DEFECT	FRESH_REVIEW	VR-STARTUP-WHITE-001
A-2100-054	c4dd697e2b1f33d3b8af6ab254f378a1cc421248	e1210bf3786c00b337711f7baf08b2ca3a4dc069	src/vr/d3d9/stereo_renderer_r23.cpp	host freshness->eligibility	cross_subsystem_trace	host_gate_trace	Trace host sample health into stereo gate closure.	Present updates host freshness; when HostFresh false R20StereoEligibilityGate is explicitly false.	TRACE_VALIDATED	FRESH_REVIEW	VR-STARTUP-WHITE-001
A-2100-055	c4dd697e2b1f33d3b8af6ab254f378a1cc421248	e1210bf3786c00b337711f7baf08b2ca3a4dc069	src/vr/d3d9/stereo_renderer_r23.cpp	seqlock busy/stale sample	adversarial_falsification	host_stale	Falsify unstable or stale host snapshot accepted as fresh.	Unstable four-attempt snapshot returns seqlock-busy; age > HostStaleMs returns sample-stale.	FALSIFIED_NO_NEW_DEFECT	FRESH_REVIEW	VR-STARTUP-WHITE-001
A-2100-056	c4dd697e2b1f33d3b8af6ab254f378a1cc421248	e1210bf3786c00b337711f7baf08b2ca3a4dc069	src/vr/d3d9/stereo_renderer_r23.cpp	R23RecoveryInstallThread	architecture_lifetime	async_install_state	Recovery overlay install is explicit Pending->Ready/Failed.	Exact source publishes Pending, checks prerequisite failure/readiness, reports async result and marks Ready only after hooks enabled.	NO_NEW_DEFECT	FRESH_REVIEW	
A-2100-057	c4dd697e2b1f33d3b8af6ab254f378a1cc421248	e1210bf3786c00b337711f7baf08b2ca3a4dc069	src/vr/d3d9/stereo_renderer_r23.cpp	R22->R23 install	cross_subsystem_trace	async_dependency_trace	Trace R22 readiness into disabled-first R23 hook transaction.	R23 waits IsReady(R22InstallState), creates seven disabled hooks, then enables all before safety overlay installed.	TRACE_VALIDATED	FRESH_REVIEW	
A-2100-058	c4dd697e2b1f33d3b8af6ab254f378a1cc421248	e1210bf3786c00b337711f7baf08b2ca3a4dc069	src/vr/d3d9/stereo_renderer_r23.cpp	prerequisite failure	adversarial_falsification	async_failure	Falsify failed lower overlay leaving R23 partially active.	Any prerequisite Failed marks R23 Failed, safety unavailable and stereo gate false before return.	FALSIFIED_NO_NEW_DEFECT	FRESH_REVIEW	
A-2100-059	c4dd697e2b1f33d3b8af6ab254f378a1cc421248	e1210bf3786c00b337711f7baf08b2ca3a4dc069	src/vr/d3d9/stereo_renderer_r23.cpp	R23EnableHooks	architecture_lifetime	hook_transaction	Seven recovery hooks are enabled as one disabled-first transaction.	Hook objects are created StartDisabled and all must enable successfully before Ready.	NO_NEW_DEFECT	FRESH_REVIEW	
A-2100-060	c4dd697e2b1f33d3b8af6ab254f378a1cc421248	e1210bf3786c00b337711f7baf08b2ca3a4dc069	src/vr/d3d9/stereo_renderer_r23.cpp	hook enable->rollback	cross_subsystem_trace	hook_rollback_trace	Trace any enable failure into complete R23 rollback and fail-close.	R23EnableHooks false triggers R23RollbackHooks, Failed state, safety unavailable, gate false.	TRACE_VALIDATED	FRESH_REVIEW	
A-2100-061	c4dd697e2b1f33d3b8af6ab254f378a1cc421248	e1210bf3786c00b337711f7baf08b2ca3a4dc069	src/vr/d3d9/stereo_renderer_r23.cpp	partial hook enable	adversarial_falsification	hook_partial_failure	Falsify partially enabled hook set surviving transaction failure.	Rollback clears all seven hook objects after any enable failure.	FALSIFIED_NO_NEW_DEFECT	FRESH_REVIEW	
A-2100-062	c4dd697e2b1f33d3b8af6ab254f378a1cc421248	e1210bf3786c00b337711f7baf08b2ca3a4dc069	src/vr/d3d9/stereo_renderer_r23.cpp	R23 install timeout	architecture_lifetime	async_timeout	R23 has bounded ~120s wait for R22 then fails closed.	4800*25ms loop ends Failed, safety unavailable, gate false and async failure report.	NO_NEW_DEFECT	FRESH_REVIEW	
A-2100-063	c4dd697e2b1f33d3b8af6ab254f378a1cc421248	issue6-5766047248	src/vr/d3d9/stereo_renderer_r23.cpp	common deadline cascade	cross_subsystem_trace	known_finding_trace	Trace R23 timeout into existing common-deadline cascade finding.	Issue #6 VR-ASYNC-INSTALL-COMMON-DEADLINE-CASCADE-001 already covers aligned absolute deadlines across dependency DAG.	DEDUP_EXISTING	FRESH_REVIEW	
A-2100-064	c4dd697e2b1f33d3b8af6ab254f378a1cc421248	issue6-5766047248	src/vr/d3d9/stereo_renderer_r23.cpp	late R22 readiness	adversarial_falsification	known_timeout_case	Falsify late prerequisite readiness as a new R23-specific key.	Same late-ready upper-layer timeout mechanism is already captured by common-deadline cascade stable key.	FALSIFIED_DUPLICATE	FRESH_REVIEW	
A-2100-065	c4dd697e2b1f33d3b8af6ab254f378a1cc421248	e1210bf3786c00b337711f7baf08b2ca3a4dc069	src/vr/d3d9/stereo_renderer_r23.cpp	initial live-state capture	architecture_lifetime	install_initial_state	Post-hook initial state capture is best-effort and does not open stereo.	After hook enable R23 may capture actual game state, then safety overlay installed but stereo gate remains false.	NO_NEW_DEFECT	FRESH_REVIEW	
A-2100-066	c4dd697e2b1f33d3b8af6ab254f378a1cc421248	e1210bf3786c00b337711f7baf08b2ca3a4dc069	src/vr/d3d9/stereo_renderer_r23.cpp	install->first baseline	cross_subsystem_trace	install_seed_trace	Trace Ready overlay into later first authoritative baseline.	Install marks overlay ready/gate false; only runtime clear/pose/depth conditions can later call BaselineVerified.	TRACE_VALIDATED	FRESH_REVIEW	
A-2100-067	c4dd697e2b1f33d3b8af6ab254f378a1cc421248	e1210bf3786c00b337711f7baf08b2ca3a4dc069	src/vr/d3d9/stereo_renderer_r23.cpp	initial capture failure	adversarial_falsification	install_state_capture	Falsify failed install-time capture opening stale stereo state.	Capture result is not used to open gate; R20StereoEligibilityGate remains false after install.	FALSIFIED_NO_NEW_DEFECT	FRESH_REVIEW	
A-2100-068	c4dd697e2b1f33d3b8af6ab254f378a1cc421248	db37726470322c6815cec7d547aebe73f17029ac	src/vr/d3d9/ex_device_upgrade_r15.cpp	R15RollbackHooks	architecture_lifetime	hook_rollback	R15 correctness overlay rollback clears every R15 hook object.	Exact helper clears reset/generate/unlock/install hooks.	NO_NEW_DEFECT	FRESH_REVIEW	
A-2100-069	c4dd697e2b1f33d3b8af6ab254f378a1cc421248	db37726470322c6815cec7d547aebe73f17029ac	src/vr/d3d9/ex_device_upgrade_r15.cpp	R15 hook transaction	cross_subsystem_trace	hook_transaction_trace	Trace disabled-first hook setup into final compat overlay readiness.	All four hooks created StartDisabled and enabled before SetFinalCompatOverlayReady(true).	TRACE_VALIDATED	FRESH_REVIEW	
A-2100-070	c4dd697e2b1f33d3b8af6ab254f378a1cc421248	db37726470322c6815cec7d547aebe73f17029ac	src/vr/d3d9/ex_device_upgrade_r15.cpp	partial R15 hook enable	adversarial_falsification	hook_partial_failure	Falsify partial R15 correctness overlay surviving enable failure.	Any missing/enable failure calls R15RollbackHooks and keeps final overlay not ready.	FALSIFIED_NO_NEW_DEFECT	FRESH_REVIEW	
A-2100-071	c4dd697e2b1f33d3b8af6ab254f378a1cc421248	db37726470322c6815cec7d547aebe73f17029ac	src/vr/d3d9/ex_device_upgrade_r15.cpp	TextureUnlockRectR15	architecture_lifetime	shadow_retirement	Failed shadow upload retires coherency state rather than retaining false validity.	Failure clears valid bit, increments failure, marks retirePending and detaches when no locks remain.	NO_NEW_DEFECT	FRESH_REVIEW	
A-2100-072	c4dd697e2b1f33d3b8af6ab254f378a1cc421248	db37726470322c6815cec7d547aebe73f17029ac	src/vr/d3d9/ex_device_upgrade_r15.cpp	shadow failure->resource lifetime	cross_subsystem_trace	shadow_lifetime_trace	Trace upload failure into CPU shadow release after final lock.	retirePending waits for lockedMask==0 then detaches and releases CPU shadow outside mutex.	TRACE_VALIDATED	FRESH_REVIEW	
A-2100-073	c4dd697e2b1f33d3b8af6ab254f378a1cc421248	db37726470322c6815cec7d547aebe73f17029ac	src/vr/d3d9/ex_device_upgrade_r15.cpp	partial RECT upload failure	adversarial_falsification	shadow_corruption	Falsify partial upload failure overwriting unrelated GPU texels via whole-level fallback.	R15 permits whole-level fallback only when lockRectValid is false; partial failure remains failed/retired.	FALSIFIED_NO_NEW_DEFECT	FRESH_REVIEW	
A-2100-074	c4dd697e2b1f33d3b8af6ab254f378a1cc421248	db37726470322c6815cec7d547aebe73f17029ac	src/vr/d3d9/ex_device_upgrade_r15.cpp	GenerateMipSubLevels	architecture_lifetime	mip_shadow_lifetime	Generated lower mips invalidate lower CPU shadow validity while preserving coherent level0.	Exact source masks valid/dirty to level0 and clears lower lockRectValid entries.	NO_NEW_DEFECT	FRESH_REVIEW	
A-2100-075	c4dd697e2b1f33d3b8af6ab254f378a1cc421248	db37726470322c6815cec7d547aebe73f17029ac	src/vr/d3d9/ex_device_upgrade_r15.cpp	GenerateMipSubLevels concurrent lock	adversarial_falsification	concurrent_write	Falsify generated mip operation overlapping CPU lock leaving shadow trusted.	Concurrent lockedMask marks externalWriteDuringLock and retirePending so matching Unlock retires shadow.	FALSIFIED_NO_NEW_DEFECT	FRESH_REVIEW	
A-2100-076	c4dd697e2b1f33d3b8af6ab254f378a1cc421248	carry-8d690882	vrhost/src/main_r23.cpp	A-2000-001	identity_revalidation	carry_forward_identity	Carry prior instance lifetime row after target/dependency validation.	Integration target unchanged; prior exact source identity preserved.	CARRY_VALID	CARRY_FORWARD	VR-STARTUP-WHITE-001
A-2100-077	c4dd697e2b1f33d3b8af6ab254f378a1cc421248	carry-8d690882	vrhost/src/main_r23.cpp	A-2000-002	identity_revalidation	carry_forward_identity	Carry prior instance dependency trace.	Target unchanged; evidence commit remains immutable.	CARRY_VALID	CARRY_FORWARD	VR-STARTUP-WHITE-001
A-2100-078	c4dd697e2b1f33d3b8af6ab254f378a1cc421248	carry-8d690882	vrhost/src/main_r23.cpp	A-2000-003	identity_revalidation	carry_forward_identity	Carry prior instance failure-order falsification.	Target unchanged; dependency identity validated.	CARRY_VALID	CARRY_FORWARD	VR-STARTUP-WHITE-001
A-2100-079	c4dd697e2b1f33d3b8af6ab254f378a1cc421248	carry-8d690882	vrhost/src/main_r23.cpp	A-2000-004	identity_revalidation	carry_forward_identity	Carry prior system retry row.	Target unchanged; OpenXR host source unchanged.	CARRY_VALID	CARRY_FORWARD	
A-2100-080	c4dd697e2b1f33d3b8af6ab254f378a1cc421248	carry-8d690882	vrhost/src/main_r23.cpp	A-2000-005	identity_revalidation	carry_forward_identity	Carry prior adapter dependency trace.	Target unchanged; exact evidence retained.	CARRY_VALID	CARRY_FORWARD	
A-2100-081	c4dd697e2b1f33d3b8af6ab254f378a1cc421248	carry-8d690882	vrhost/src/main_r23.cpp	A-2000-006	identity_revalidation	carry_forward_identity	Carry prior unavailable-HMD falsification.	Target unchanged; dependency unchanged.	CARRY_VALID	CARRY_FORWARD	
A-2100-082	c4dd697e2b1f33d3b8af6ab254f378a1cc421248	carry-8d690882	vrhost/src/main_r23.cpp	A-2000-007	identity_revalidation	carry_forward_identity	Carry session owner row.	Target unchanged; source identity validated.	CARRY_VALID	CARRY_FORWARD	VR-STARTUP-WHITE-001
A-2100-083	c4dd697e2b1f33d3b8af6ab254f378a1cc421248	carry-8d690882	vrhost/src/main_r23.cpp	A-2000-008	identity_revalidation	carry_forward_identity	Carry session->compositor trace.	Target unchanged; source identity validated.	CARRY_VALID	CARRY_FORWARD	VR-STARTUP-WHITE-001
A-2100-084	c4dd697e2b1f33d3b8af6ab254f378a1cc421248	carry-8d690882	vrhost/src/main_r23.cpp	A-2000-009	identity_revalidation	carry_forward_identity	Carry session exception teardown row.	Target unchanged; exact evidence retained.	CARRY_VALID	CARRY_FORWARD	VR-STARTUP-WHITE-001
A-2100-085	c4dd697e2b1f33d3b8af6ab254f378a1cc421248	carry-8d690882	vrhost/src/main_r23.cpp	A-2000-010	identity_revalidation	carry_forward_identity	Carry LOCAL owner row.	Target unchanged; source identity validated.	CARRY_VALID	CARRY_FORWARD	
A-2100-086	c4dd697e2b1f33d3b8af6ab254f378a1cc421248	carry-8d690882	vrhost/src/main_r23.cpp	A-2000-011	identity_revalidation	carry_forward_identity	Carry LOCAL locate trace.	Target unchanged; source identity validated.	CARRY_VALID	CARRY_FORWARD	
A-2100-087	c4dd697e2b1f33d3b8af6ab254f378a1cc421248	carry-8d690882	vrhost/src/main_r23.cpp	A-2000-012	identity_revalidation	carry_forward_identity	Carry LOCAL failure row.	Target unchanged; source identity validated.	CARRY_VALID	CARRY_FORWARD	
A-2100-088	c4dd697e2b1f33d3b8af6ab254f378a1cc421248	carry-8d690882	vrhost/src/main_r23.cpp	A-2000-013	identity_revalidation	carry_forward_identity	Carry VIEW owner row.	Target unchanged; source identity validated.	CARRY_VALID	CARRY_FORWARD	
A-2100-089	c4dd697e2b1f33d3b8af6ab254f378a1cc421248	carry-8d690882	vrhost/src/main_r23.cpp	A-2000-014	identity_revalidation	carry_forward_identity	Carry VIEW/recenter trace.	Target unchanged; source identity validated.	CARRY_VALID	CARRY_FORWARD	
A-2100-090	c4dd697e2b1f33d3b8af6ab254f378a1cc421248	carry-8d690882	vrhost/src/main_r23.cpp	A-2000-015	identity_revalidation	carry_forward_identity	Carry VIEW failure row.	Target unchanged; source identity validated.	CARRY_VALID	CARRY_FORWARD	
A-2100-091	c4dd697e2b1f33d3b8af6ab254f378a1cc421248	carry-8d690882	vrhost/src/main_r23.cpp	A-2000-016	identity_revalidation	carry_forward_identity	Carry READY transition row.	Target unchanged; source identity validated.	CARRY_VALID	CARRY_FORWARD	
A-2100-092	c4dd697e2b1f33d3b8af6ab254f378a1cc421248	carry-8d690882	vrhost/src/main_r23.cpp	A-2000-017	identity_revalidation	carry_forward_identity	Carry READY cadence trace.	Target unchanged; source identity validated.	CARRY_VALID	CARRY_FORWARD	
A-2100-093	c4dd697e2b1f33d3b8af6ab254f378a1cc421248	carry-8d690882	vrhost/src/main_r23.cpp	A-2000-018	identity_revalidation	carry_forward_identity	Carry duplicate READY falsification.	Target unchanged; source identity validated.	CARRY_VALID	CARRY_FORWARD	
A-2100-094	c4dd697e2b1f33d3b8af6ab254f378a1cc421248	carry-8d690882	vrhost/src/main_r23.cpp	A-2000-019	identity_revalidation	carry_forward_identity	Carry STOPPING transition row.	Target unchanged; source identity validated.	CARRY_VALID	CARRY_FORWARD	
A-2100-095	c4dd697e2b1f33d3b8af6ab254f378a1cc421248	carry-8d690882	vrhost/src/main_r23.cpp	A-2000-020	identity_revalidation	carry_forward_identity	Carry STOPPING cache trace.	Target unchanged; source identity validated.	CARRY_VALID	CARRY_FORWARD	
A-2100-096	c4dd697e2b1f33d3b8af6ab254f378a1cc421248	carry-8d690882	vrhost/src/main_r23.cpp	A-2000-021	identity_revalidation	carry_forward_identity	Carry duplicate STOPPING falsification.	Target unchanged; source identity validated.	CARRY_VALID	CARRY_FORWARD	
A-2100-097	c4dd697e2b1f33d3b8af6ab254f378a1cc421248	carry-8d690882	vrhost/src/main_r23.cpp	A-2000-022	identity_revalidation	carry_forward_identity	Carry terminal-state row.	Target unchanged; source identity validated.	CARRY_VALID	CARRY_FORWARD	
A-2100-098	c4dd697e2b1f33d3b8af6ab254f378a1cc421248	carry-8d690882	vrhost/src/main_r23.cpp	A-2000-023	identity_revalidation	carry_forward_identity	Carry terminal teardown trace.	Target unchanged; source identity validated.	CARRY_VALID	CARRY_FORWARD	
A-2100-099	c4dd697e2b1f33d3b8af6ab254f378a1cc421248	carry-8d690882	vrhost/src/main_r23.cpp	A-2000-024	identity_revalidation	carry_forward_identity	Carry loss-before-stop falsification.	Target unchanged; source identity validated.	CARRY_VALID	CARRY_FORWARD	
A-2100-100	c4dd697e2b1f33d3b8af6ab254f378a1cc421248	carry-8d690882	vrhost/src/main_r23.cpp	A-2000-025	identity_revalidation	carry_forward_identity	Carry client replacement lifetime row.	Target unchanged; source identity validated.	CARRY_VALID	CARRY_FORWARD	VR-STARTUP-WHITE-001
A-2100-101	c4dd697e2b1f33d3b8af6ab254f378a1cc421248	carry-8d690882	vrhost/src/main_r23.cpp	A-2000-026	identity_revalidation	carry_forward_identity	Carry replacement session trace.	Target unchanged; source identity validated.	CARRY_VALID	CARRY_FORWARD	VR-STARTUP-WHITE-001
A-2100-102	c4dd697e2b1f33d3b8af6ab254f378a1cc421248	carry-8d690882	vrhost/src/main_r23.cpp	A-2000-027	identity_revalidation	carry_forward_identity	Carry uncertain liveness falsification.	Target unchanged; source identity validated.	CARRY_VALID	CARRY_FORWARD	VR-STARTUP-WHITE-001
A-2100-103	c4dd697e2b1f33d3b8af6ab254f378a1cc421248	carry-8d690882	vrhost/src/main_r23.cpp	A-2000-028	identity_revalidation	carry_forward_identity	Carry game exit row.	Target unchanged; source identity validated.	CARRY_VALID	CARRY_FORWARD	
A-2100-104	c4dd697e2b1f33d3b8af6ab254f378a1cc421248	carry-8d690882	vrhost/src/main_r23.cpp	A-2000-029	identity_revalidation	carry_forward_identity	Carry game exit session trace.	Target unchanged; source identity validated.	CARRY_VALID	CARRY_FORWARD	
A-2100-105	c4dd697e2b1f33d3b8af6ab254f378a1cc421248	carry-8d690882	vrhost/src/main_r23.cpp	A-2000-030	identity_revalidation	carry_forward_identity	Carry exit timeout falsification.	Target unchanged; source identity validated.	CARRY_VALID	CARRY_FORWARD	
A-2100-106	c4dd697e2b1f33d3b8af6ab254f378a1cc421248	carry-8d690882	vrhost/src/main_r23.cpp	A-2000-031	identity_revalidation	carry_forward_identity	Carry reference event row.	Target unchanged; source identity validated.	CARRY_VALID	CARRY_FORWARD	
A-2100-107	c4dd697e2b1f33d3b8af6ab254f378a1cc421248	carry-8d690882	vrhost/src/main_r23.cpp	A-2000-032	identity_revalidation	carry_forward_identity	Carry reference event trace.	Target unchanged; source identity validated.	CARRY_VALID	CARRY_FORWARD	
A-2100-108	c4dd697e2b1f33d3b8af6ab254f378a1cc421248	carry-8d690882	vrhost/src/main_r23.cpp	A-2000-033	identity_revalidation	carry_forward_identity	Carry future change-time row.	Target unchanged; source identity validated.	CARRY_VALID	CARRY_FORWARD	
A-2100-109	c4dd697e2b1f33d3b8af6ab254f378a1cc421248	carry-8d690882	vrhost/src/main_r23.cpp	A-2000-034	identity_revalidation	carry_forward_identity	Carry apply-recenter row.	Target unchanged; source identity validated.	CARRY_VALID	CARRY_FORWARD	
A-2100-110	c4dd697e2b1f33d3b8af6ab254f378a1cc421248	carry-8d690882	vrhost/src/main_r23.cpp	A-2000-035	identity_revalidation	carry_forward_identity	Carry recenter invalidation trace.	Target unchanged; source identity validated.	CARRY_VALID	CARRY_FORWARD	
A-2100-111	c4dd697e2b1f33d3b8af6ab254f378a1cc421248	carry-8d690882	vrhost/src/main_r23.cpp	A-2000-036	identity_revalidation	carry_forward_identity	Carry failed recenter row.	Target unchanged; source identity validated.	CARRY_VALID	CARRY_FORWARD	
A-2100-112	c4dd697e2b1f33d3b8af6ab254f378a1cc421248	carry-8d690882	vrhost/src/main_r23.cpp	A-2000-037	identity_revalidation	carry_forward_identity	Carry reference generation row.	Target unchanged; source identity validated.	CARRY_VALID	CARRY_FORWARD	
A-2100-113	c4dd697e2b1f33d3b8af6ab254f378a1cc421248	carry-8d690882	vrhost/src/main_r23.cpp	A-2000-038	identity_revalidation	carry_forward_identity	Carry generation propagation trace.	Target unchanged; source identity validated.	CARRY_VALID	CARRY_FORWARD	
A-2100-114	c4dd697e2b1f33d3b8af6ab254f378a1cc421248	carry-8d690882	vrhost/src/main_r23.cpp	A-2000-039	identity_revalidation	carry_forward_identity	Carry wrap falsification.	Target unchanged; source identity validated.	CARRY_VALID	CARRY_FORWARD	
A-2100-115	c4dd697e2b1f33d3b8af6ab254f378a1cc421248	carry-8d690882	vrhost/src/main_r23.cpp	A-2000-040	identity_revalidation	carry_forward_identity	Carry compositor invalidation row.	Target unchanged; source identity validated.	CARRY_VALID	CARRY_FORWARD	
A-2100-116	c4dd697e2b1f33d3b8af6ab254f378a1cc421248	carry-8d690882	vrhost/src/main_r23.cpp	A-2000-041	identity_revalidation	carry_forward_identity	Carry reference->compositor trace.	Target unchanged; source identity validated.	CARRY_VALID	CARRY_FORWARD	
A-2100-117	c4dd697e2b1f33d3b8af6ab254f378a1cc421248	carry-8d690882	vrhost/src/main_r23.cpp	A-2000-042	identity_revalidation	carry_forward_identity	Carry stale theater anchor falsification.	Target unchanged; source identity validated.	CARRY_VALID	CARRY_FORWARD	
A-2100-118	c4dd697e2b1f33d3b8af6ab254f378a1cc421248	carry-8d690882	vrhost/src/main_r23.cpp	A-2000-043	identity_revalidation	carry_forward_identity	Carry view history row.	Target unchanged; source identity validated.	CARRY_VALID	CARRY_FORWARD	
A-2100-119	c4dd697e2b1f33d3b8af6ab254f378a1cc421248	carry-8d690882	vrhost/src/main_r23.cpp	A-2000-044	identity_revalidation	carry_forward_identity	Carry reference->view history trace.	Target unchanged; source identity validated.	CARRY_VALID	CARRY_FORWARD	
A-2100-120	c4dd697e2b1f33d3b8af6ab254f378a1cc421248	carry-8d690882	vrhost/src/main_r23.cpp	A-2000-045	identity_revalidation	carry_forward_identity	Carry old pose sequence falsification.	Target unchanged; source identity validated.	CARRY_VALID	CARRY_FORWARD	
A-2100-121	c4dd697e2b1f33d3b8af6ab254f378a1cc421248	carry-8d690882	vrhost/src/main_r23.cpp	A-2000-046	identity_revalidation	carry_forward_identity	Carry verified bundle row.	Target unchanged; source identity validated.	CARRY_VALID	CARRY_FORWARD	
A-2100-122	c4dd697e2b1f33d3b8af6ab254f378a1cc421248	carry-8d690882	vrhost/src/main_r23.cpp	A-2000-047	identity_revalidation	carry_forward_identity	Carry bundle generation trace.	Target unchanged; source identity validated.	CARRY_VALID	CARRY_FORWARD	
A-2100-123	c4dd697e2b1f33d3b8af6ab254f378a1cc421248	carry-8d690882	vrhost/src/main_r23.cpp	A-2000-048	identity_revalidation	carry_forward_identity	Carry mixed generation falsification.	Target unchanged; source identity validated.	CARRY_VALID	CARRY_FORWARD	
A-2100-124	c4dd697e2b1f33d3b8af6ab254f378a1cc421248	carry-8d690882	vrhost/src/main_r23.cpp	A-2000-049	identity_revalidation	carry_forward_identity	Carry swapchain owner row.	Target unchanged; source identity validated.	CARRY_VALID	CARRY_FORWARD	
A-2100-125	c4dd697e2b1f33d3b8af6ab254f378a1cc421248	carry-8d690882	vrhost/src/main_r23.cpp	A-2000-050	identity_revalidation	carry_forward_identity	Carry compositor->swapchain trace.	Target unchanged; source identity validated.	CARRY_VALID	CARRY_FORWARD	
A-2100-126	c4dd697e2b1f33d3b8af6ab254f378a1cc421248	carry-8d690882	vrhost/src/main_r23.cpp	A-2000-051	identity_revalidation	carry_forward_identity	Carry partial swapchain creation row.	Target unchanged; source identity validated.	CARRY_VALID	CARRY_FORWARD	
A-2100-127	c4dd697e2b1f33d3b8af6ab254f378a1cc421248	carry-8d690882	vrhost/src/main_r23.cpp	A-2000-052	identity_revalidation	carry_forward_identity	Carry projection acquire row.	Target unchanged; source identity validated.	CARRY_VALID	CARRY_FORWARD	
A-2100-128	c4dd697e2b1f33d3b8af6ab254f378a1cc421248	carry-8d690882	vrhost/src/main_r23.cpp	A-2000-053	identity_revalidation	carry_forward_identity	Carry projection render/release trace.	Target unchanged; source identity validated.	CARRY_VALID	CARRY_FORWARD	
A-2100-129	c4dd697e2b1f33d3b8af6ab254f378a1cc421248	carry-8d690882	vrhost/src/main_r23.cpp	A-2000-054	identity_revalidation	carry_forward_identity	Carry provisional wait-failure row as historical evidence only.	Target unchanged; current cycle deduped its finding disposition to existing stable key.	CARRY_VALID	CARRY_FORWARD	
A-2100-130	c4dd697e2b1f33d3b8af6ab254f378a1cc421248	carry-8d690882	vrhost/src/main_r23.cpp	A-2000-055	identity_revalidation	carry_forward_identity	Carry release row.	Target unchanged; source identity validated.	CARRY_VALID	CARRY_FORWARD	
A-2100-131	c4dd697e2b1f33d3b8af6ab254f378a1cc421248	carry-8d690882	vrhost/src/main_r23.cpp	A-2000-056	identity_revalidation	carry_forward_identity	Carry release failure row.	Target unchanged; source identity validated.	CARRY_VALID	CARRY_FORWARD	
A-2100-132	c4dd697e2b1f33d3b8af6ab254f378a1cc421248	carry-8d690882	vrhost/src/main_r23.cpp	A-2000-057	identity_revalidation	carry_forward_identity	Carry theater acquire row.	Target unchanged; source identity validated.	CARRY_VALID	CARRY_FORWARD	
A-2100-133	c4dd697e2b1f33d3b8af6ab254f378a1cc421248	carry-8d690882	vrhost/src/main_r23.cpp	A-2000-058	identity_revalidation	carry_forward_identity	Carry theater release trace.	Target unchanged; source identity validated.	CARRY_VALID	CARRY_FORWARD	
A-2100-134	c4dd697e2b1f33d3b8af6ab254f378a1cc421248	carry-8d690882	vrhost/src/main_r23.cpp	A-2000-059	identity_revalidation	carry_forward_identity	Carry shutdown row.	Target unchanged; source identity validated.	CARRY_VALID	CARRY_FORWARD	
A-2100-135	c4dd697e2b1f33d3b8af6ab254f378a1cc421248	carry-8d690882	vrhost/src/main_r23.cpp	A-2000-060	identity_revalidation	carry_forward_identity	Carry shutdown ordering trace.	Target unchanged; source identity validated.	CARRY_VALID	CARRY_FORWARD	
A-2100-136	c4dd697e2b1f33d3b8af6ab254f378a1cc421248	carry-8d690882	vrhost/src/main_r23.cpp	A-2000-061	identity_revalidation	carry_forward_identity	Carry destructor-after-shutdown row.	Target unchanged; source identity validated.	CARRY_VALID	CARRY_FORWARD	
A-2100-137	c4dd697e2b1f33d3b8af6ab254f378a1cc421248	carry-8d690882	vrhost/src/main_r23.cpp	A-2000-062	identity_revalidation	carry_forward_identity	Carry shared writer ownership row.	Target unchanged; source identity validated.	CARRY_VALID	CARRY_FORWARD	
A-2100-138	c4dd697e2b1f33d3b8af6ab254f378a1cc421248	carry-8d690882	vrhost/src/main_r23.cpp	A-2000-063	identity_revalidation	carry_forward_identity	Carry shared->v3 trace.	Target unchanged; source identity validated.	CARRY_VALID	CARRY_FORWARD	
A-2100-139	c4dd697e2b1f33d3b8af6ab254f378a1cc421248	carry-8d690882	vrhost/src/main_r23.cpp	A-2000-064	identity_revalidation	carry_forward_identity	Carry unknown liveness row.	Target unchanged; source identity validated.	CARRY_VALID	CARRY_FORWARD	
A-2100-140	c4dd697e2b1f33d3b8af6ab254f378a1cc421248	carry-8d690882	vrhost/src/main_r23.cpp	A-2000-065	identity_revalidation	carry_forward_identity	Carry writer destructor row.	Target unchanged; source identity validated.	CARRY_VALID	CARRY_FORWARD	
A-2100-141	c4dd697e2b1f33d3b8af6ab254f378a1cc421248	carry-8d690882	vrhost/src/main_r23.cpp	A-2000-066	identity_revalidation	carry_forward_identity	Carry destructor->game fallback trace.	Target unchanged; source identity validated.	CARRY_VALID	CARRY_FORWARD	
A-2100-142	c4dd697e2b1f33d3b8af6ab254f378a1cc421248	carry-8d690882	vrhost/src/main_r23.cpp	A-2000-067	identity_revalidation	carry_forward_identity	Carry destructor ownership falsification.	Target unchanged; source identity validated.	CARRY_VALID	CARRY_FORWARD	
A-2100-143	c4dd697e2b1f33d3b8af6ab254f378a1cc421248	carry-8d690882	vrhost/src/main_r23.cpp	A-2000-068	identity_revalidation	carry_forward_identity	Carry render ring validation row.	Target unchanged; source identity validated.	CARRY_VALID	CARRY_FORWARD	
A-2100-144	c4dd697e2b1f33d3b8af6ab254f378a1cc421248	carry-8d690882	vrhost/src/main_r23.cpp	A-2000-069	identity_revalidation	carry_forward_identity	Carry ring->bundle trace.	Target unchanged; source identity validated.	CARRY_VALID	CARRY_FORWARD	
A-2100-145	c4dd697e2b1f33d3b8af6ab254f378a1cc421248	carry-8d690882	vrhost/src/main_r23.cpp	A-2000-070	identity_revalidation	carry_forward_identity	Carry unstable ring row.	Target unchanged; source identity validated.	CARRY_VALID	CARRY_FORWARD	
A-2100-146	c4dd697e2b1f33d3b8af6ab254f378a1cc421248	carry-8d690882	vrhost/src/main_r23.cpp	A-2000-071	identity_revalidation	carry_forward_identity	Carry direct generation row.	Target unchanged; source identity validated.	CARRY_VALID	CARRY_FORWARD	
A-2100-147	c4dd697e2b1f33d3b8af6ab254f378a1cc421248	carry-8d690882	vrhost/src/main_r23.cpp	A-2000-072	identity_revalidation	carry_forward_identity	Carry generation->snapshot trace.	Target unchanged; source identity validated.	CARRY_VALID	CARRY_FORWARD	
A-2100-148	c4dd697e2b1f33d3b8af6ab254f378a1cc421248	carry-8d690882	vrhost/src/main_r23.cpp	A-2000-073	identity_revalidation	carry_forward_identity	Carry generation change row.	Target unchanged; source identity validated.	CARRY_VALID	CARRY_FORWARD	
A-2100-149	c4dd697e2b1f33d3b8af6ab254f378a1cc421248	carry-8d690882	vrhost/src/main_r23.cpp	A-2000-074	identity_revalidation	carry_forward_identity	Carry AckState row.	Target unchanged; source identity validated.	CARRY_VALID	CARRY_FORWARD	
A-2100-150	c4dd697e2b1f33d3b8af6ab254f378a1cc421248	carry-8d690882	vrhost/src/main_r23.cpp	A-2000-075	identity_revalidation	carry_forward_identity	Carry ACK generation trace.	Target unchanged; source identity validated.	CARRY_VALID	CARRY_FORWARD	